inventory_key,time_key,product_key,store_key,stock_quantity,reorder_level,stock_status
1,20250531,1,1,38,22,Available
2,20250531,2,1,88,6,Available
3,20250531,3,1,75,18,Available
4,20250531,4,1,7,11,Low Stock
5,20250531,5,1,3,16,Low Stock
6,20250531,6,1,59,8,Available
7,20250531,7,1,82,20,Available
8,20250531,8,1,111,23,Available
9,20250531,9,1,43,9,Available
10,20250531,10,1,44,17,Available
11,20250531,11,1,83,23,Available
12,20250531,12,1,34,19,Available
13,20250531,13,1,44,5,Available
14,20250531,14,1,73,5,Available
15,20250531,15,1,39,13,Available
16,20250531,16,1,69,21,Available
17,20250531,17,1,92,19,Available
18,20250531,18,1,94,8,Available
19,20250531,19,1,118,20,Available
20,20250531,20,1,95,18,Available
21,20250531,21,1,83,17,Available
22,20250531,22,1,50,21,Available
23,20250531,23,1,22,7,Available
24,20250531,24,1,5,12,Low Stock
25,20250531,25,1,9,24,Low Stock
26,20250531,26,1,51,14,Available
27,20250531,27,1,2,13,Low Stock
28,20250531,28,1,47,9,Available
29,20250531,29,1,80,9,Available
30,20250531,30,1,48,6,Available
31,20250531,31,1,95,25,Available
32,20250531,32,1,46,6,Available
33,20250531,33,1,7,24,Low Stock
34,20250531,34,1,6,13,Low Stock
35,20250531,35,1,40,19,Available
36,20250531,36,1,45,5,Available
37,20250531,37,1,19,24,Low Stock
38,20250531,38,1,88,5,Available
39,20250531,39,1,83,22,Available
40,20250531,40,1,11,20,Low Stock
41,20250531,41,1,109,23,Available
42,20250531,42,1,46,24,Available
43,20250531,43,1,95,17,Available
44,20250531,44,1,118,20,Available
45,20250531,45,1,28,17,Available
46,20250531,46,1,28,20,Available
47,20250531,47,1,62,10,Available
48,20250531,48,1,29,21,Available
49,20250531,49,1,109,12,Available
50,20250531,50,1,26,11,Available
51,20250531,51,1,106,11,Available
52,20250531,52,1,96,9,Available
53,20250531,53,1,13,21,Low Stock
54,20250531,54,1,63,13,Available
55,20250531,55,1,75,13,Available
56,20250531,56,1,65,15,Available
57,20250531,57,1,84,12,Available
58,20250531,58,1,1,14,Low Stock
59,20250531,59,1,12,19,Low Stock
60,20250531,60,1,26,22,Available
61,20250531,61,1,88,10,Available
62,20250531,62,1,33,13,Available
63,20250531,63,1,25,5,Available
64,20250531,64,1,65,16,Available
65,20250531,65,1,59,14,Available
66,20250531,66,1,13,18,Low Stock
67,20250531,67,1,28,7,Available
68,20250531,68,1,111,11,Available
69,20250531,69,1,10,9,Available
70,20250531,70,1,89,8,Available
71,20250531,71,1,109,21,Available
72,20250531,72,1,85,19,Available
73,20250531,73,1,5,7,Low Stock
74,20250531,74,1,114,19,Available
75,20250531,75,1,42,12,Available
76,20250531,76,1,9,18,Low Stock
77,20250531,77,1,54,22,Available
78,20250531,78,1,12,19,Low Stock
79,20250531,79,1,117,10,Available
80,20250531,80,1,109,16,Available
81,20250531,81,1,0,7,Stockout
82,20250531,82,1,95,14,Available
83,20250531,83,1,105,20,Available
84,20250531,84,1,35,18,Available
85,20250531,85,1,72,25,Available
86,20250531,86,1,70,16,Available
87,20250531,87,1,37,9,Available
88,20250531,88,1,116,22,Available
89,20250531,89,1,74,19,Available
90,20250531,90,1,117,6,Available
91,20250531,91,1,43,21,Available
92,20250531,92,1,35,21,Available
93,20250531,93,1,38,11,Available
94,20250531,94,1,48,25,Available
95,20250531,95,1,86,18,Available
96,20250531,96,1,81,18,Available
97,20250531,97,1,118,21,Available
98,20250531,98,1,112,21,Available
99,20250531,99,1,24,15,Available
100,20250531,100,1,18,13,Available
101,20250531,1,2,24,13,Available
102,20250531,2,2,62,15,Available
103,20250531,3,2,107,22,Available
104,20250531,4,2,114,16,Available
105,20250531,5,2,2,16,Low Stock
106,20250531,6,2,108,24,Available
107,20250531,7,2,30,18,Available
108,20250531,8,2,43,16,Available
109,20250531,9,2,39,9,Available
110,20250531,10,2,52,12,Available
111,20250531,11,2,46,17,Available
112,20250531,12,2,58,24,Available
113,20250531,13,2,11,9,Available
114,20250531,14,2,10,13,Low Stock
115,20250531,15,2,23,10,Available
116,20250531,16,2,77,6,Available
117,20250531,17,2,92,5,Available
118,20250531,18,2,35,5,Available
119,20250531,19,2,105,25,Available
120,20250531,20,2,30,10,Available
121,20250531,21,2,51,9,Available
122,20250531,22,2,108,16,Available
123,20250531,23,2,47,9,Available
124,20250531,24,2,117,16,Available
125,20250531,25,2,107,19,Available
126,20250531,26,2,43,12,Available
127,20250531,27,2,3,14,Low Stock
128,20250531,28,2,85,16,Available
129,20250531,29,2,86,16,Available
130,20250531,30,2,8,10,Low Stock
131,20250531,31,2,84,23,Available
132,20250531,32,2,98,21,Available
133,20250531,33,2,98,11,Available
134,20250531,34,2,93,22,Available
135,20250531,35,2,67,16,Available
136,20250531,36,2,22,25,Low Stock
137,20250531,37,2,62,19,Available
138,20250531,38,2,96,10,Available
139,20250531,39,2,25,25,Available
140,20250531,40,2,22,10,Available
141,20250531,41,2,82,25,Available
142,20250531,42,2,25,19,Available
143,20250531,43,2,1,22,Low Stock
144,20250531,44,2,104,20,Available
145,20250531,45,2,57,6,Available
146,20250531,46,2,82,23,Available
147,20250531,47,2,13,11,Available
148,20250531,48,2,45,13,Available
149,20250531,49,2,6,20,Low Stock
150,20250531,50,2,89,9,Available
151,20250531,51,2,100,13,Available
152,20250531,52,2,98,25,Available
153,20250531,53,2,101,22,Available
154,20250531,54,2,13,5,Available
155,20250531,55,2,73,11,Available
156,20250531,56,2,21,24,Low Stock
157,20250531,57,2,33,17,Available
158,20250531,58,2,106,7,Available
159,20250531,59,2,53,18,Available
160,20250531,60,2,93,5,Available
161,20250531,61,2,72,16,Available
162,20250531,62,2,105,16,Available
163,20250531,63,2,35,22,Available
164,20250531,64,2,0,11,Stockout
165,20250531,65,2,98,17,Available
166,20250531,66,2,23,12,Available
167,20250531,67,2,30,23,Available
168,20250531,68,2,28,20,Available
169,20250531,69,2,108,17,Available
170,20250531,70,2,81,11,Available
171,20250531,71,2,85,14,Available
172,20250531,72,2,62,12,Available
173,20250531,73,2,119,11,Available
174,20250531,74,2,52,17,Available
175,20250531,75,2,12,6,Available
176,20250531,76,2,64,6,Available
177,20250531,77,2,70,12,Available
178,20250531,78,2,33,24,Available
179,20250531,79,2,3,22,Low Stock
180,20250531,80,2,13,10,Available
181,20250531,81,2,92,13,Available
182,20250531,82,2,1,22,Low Stock
183,20250531,83,2,15,8,Available
184,20250531,84,2,76,17,Available
185,20250531,85,2,87,18,Available
186,20250531,86,2,76,19,Available
187,20250531,87,2,40,12,Available
188,20250531,88,2,100,19,Available
189,20250531,89,2,75,13,Available
190,20250531,90,2,9,7,Available
191,20250531,91,2,103,24,Available
192,20250531,92,2,120,25,Available
193,20250531,93,2,56,20,Available
194,20250531,94,2,37,17,Available
195,20250531,95,2,6,6,Available
196,20250531,96,2,44,11,Available
197,20250531,97,2,83,5,Available
198,20250531,98,2,110,10,Available
199,20250531,99,2,0,6,Stockout
200,20250531,100,2,62,19,Available
201,20250531,1,3,119,16,Available
202,20250531,2,3,61,24,Available
203,20250531,3,3,33,7,Available
204,20250531,4,3,28,15,Available
205,20250531,5,3,15,9,Available
206,20250531,6,3,27,16,Available
207,20250531,7,3,38,10,Available
208,20250531,8,3,103,5,Available
209,20250531,9,3,120,13,Available
210,20250531,10,3,93,25,Available
211,20250531,11,3,13,21,Low Stock
212,20250531,12,3,5,10,Low Stock
213,20250531,13,3,11,14,Low Stock
214,20250531,14,3,114,15,Available
215,20250531,15,3,4,20,Low Stock
216,20250531,16,3,108,19,Available
217,20250531,17,3,80,8,Available
218,20250531,18,3,61,8,Available
219,20250531,19,3,5,12,Low Stock
220,20250531,20,3,70,9,Available
221,20250531,21,3,14,25,Low Stock
222,20250531,22,3,69,19,Available
223,20250531,23,3,76,21,Available
224,20250531,24,3,51,14,Available
225,20250531,25,3,89,12,Available
226,20250531,26,3,90,18,Available
227,20250531,27,3,62,25,Available
228,20250531,28,3,55,15,Available
229,20250531,29,3,108,17,Available
230,20250531,30,3,118,12,Available
231,20250531,31,3,87,7,Available
232,20250531,32,3,1,6,Low Stock
233,20250531,33,3,109,25,Available
234,20250531,34,3,38,5,Available
235,20250531,35,3,50,5,Available
236,20250531,36,3,62,6,Available
237,20250531,37,3,89,7,Available
238,20250531,38,3,101,8,Available
239,20250531,39,3,2,12,Low Stock
240,20250531,40,3,7,14,Low Stock
241,20250531,41,3,32,23,Available
242,20250531,42,3,103,16,Available
243,20250531,43,3,114,12,Available
244,20250531,44,3,1,14,Low Stock
245,20250531,45,3,25,23,Available
246,20250531,46,3,33,22,Available
247,20250531,47,3,24,18,Available
248,20250531,48,3,84,11,Available
249,20250531,49,3,97,16,Available
250,20250531,50,3,48,13,Available
251,20250531,51,3,42,11,Available
252,20250531,52,3,109,21,Available
253,20250531,53,3,77,21,Available
254,20250531,54,3,4,12,Low Stock
255,20250531,55,3,103,13,Available
256,20250531,56,3,29,17,Available
257,20250531,57,3,9,20,Low Stock
258,20250531,58,3,81,18,Available
259,20250531,59,3,20,24,Low Stock
260,20250531,60,3,114,21,Available
261,20250531,61,3,97,20,Available
262,20250531,62,3,99,25,Available
263,20250531,63,3,6,8,Low Stock
264,20250531,64,3,94,23,Available
265,20250531,65,3,8,13,Low Stock
266,20250531,66,3,70,9,Available
267,20250531,67,3,35,12,Available
268,20250531,68,3,93,8,Available
269,20250531,69,3,72,22,Available
270,20250531,70,3,12,12,Available
271,20250531,71,3,118,8,Available
272,20250531,72,3,67,13,Available
273,20250531,73,3,48,10,Available
274,20250531,74,3,90,24,Available
275,20250531,75,3,6,8,Low Stock
276,20250531,76,3,29,20,Available
277,20250531,77,3,100,12,Available
278,20250531,78,3,63,25,Available
279,20250531,79,3,28,25,Available
280,20250531,80,3,0,15,Stockout
281,20250531,81,3,106,19,Available
282,20250531,82,3,83,21,Available
283,20250531,83,3,72,14,Available
284,20250531,84,3,77,8,Available
285,20250531,85,3,66,8,Available
286,20250531,86,3,118,20,Available
287,20250531,87,3,9,16,Low Stock
288,20250531,88,3,4,9,Low Stock
289,20250531,89,3,37,22,Available
290,20250531,90,3,117,5,Available
291,20250531,91,3,25,12,Available
292,20250531,92,3,9,16,Low Stock
293,20250531,93,3,26,13,Available
294,20250531,94,3,20,23,Low Stock
295,20250531,95,3,94,8,Available
296,20250531,96,3,94,12,Available
297,20250531,97,3,28,7,Available
298,20250531,98,3,51,21,Available
299,20250531,99,3,47,15,Available
300,20250531,100,3,22,5,Available
301,20250531,1,4,120,7,Available
302,20250531,2,4,61,20,Available
303,20250531,3,4,45,21,Available
304,20250531,4,4,0,24,Stockout
305,20250531,5,4,53,19,Available
306,20250531,6,4,0,13,Stockout
307,20250531,7,4,112,11,Available
308,20250531,8,4,19,22,Low Stock
309,20250531,9,4,28,23,Available
310,20250531,10,4,90,13,Available
311,20250531,11,4,88,17,Available
312,20250531,12,4,94,6,Available
313,20250531,13,4,51,19,Available
314,20250531,14,4,89,18,Available
315,20250531,15,4,10,9,Available
316,20250531,16,4,61,12,Available
317,20250531,17,4,15,10,Available
318,20250531,18,4,68,22,Available
319,20250531,19,4,115,5,Available
320,20250531,20,4,16,22,Low Stock
321,20250531,21,4,12,12,Available
322,20250531,22,4,7,11,Low Stock
323,20250531,23,4,111,17,Available
324,20250531,24,4,16,10,Available
325,20250531,25,4,0,11,Stockout
326,20250531,26,4,119,22,Available
327,20250531,27,4,36,10,Available
328,20250531,28,4,71,23,Available
329,20250531,29,4,31,17,Available
330,20250531,30,4,115,7,Available
331,20250531,31,4,4,7,Low Stock
332,20250531,32,4,63,5,Available
333,20250531,33,4,45,24,Available
334,20250531,34,4,43,24,Available
335,20250531,35,4,60,18,Available
336,20250531,36,4,4,12,Low Stock
337,20250531,37,4,88,17,Available
338,20250531,38,4,87,25,Available
339,20250531,39,4,54,13,Available
340,20250531,40,4,0,7,Stockout
341,20250531,41,4,58,12,Available
342,20250531,42,4,65,21,Available
343,20250531,43,4,92,9,Available
344,20250531,44,4,99,17,Available
345,20250531,45,4,3,24,Low Stock
346,20250531,46,4,68,24,Available
347,20250531,47,4,68,22,Available
348,20250531,48,4,100,25,Available
349,20250531,49,4,87,13,Available
350,20250531,50,4,115,6,Available
351,20250531,51,4,32,24,Available
352,20250531,52,4,103,23,Available
353,20250531,53,4,48,25,Available
354,20250531,54,4,108,21,Available
355,20250531,55,4,50,8,Available
356,20250531,56,4,31,22,Available
357,20250531,57,4,84,24,Available
358,20250531,58,4,64,21,Available
359,20250531,59,4,108,14,Available
360,20250531,60,4,28,23,Available
361,20250531,61,4,76,23,Available
362,20250531,62,4,65,21,Available
363,20250531,63,4,89,5,Available
364,20250531,64,4,76,5,Available
365,20250531,65,4,63,5,Available
366,20250531,66,4,70,7,Available
367,20250531,67,4,96,11,Available
368,20250531,68,4,10,19,Low Stock
369,20250531,69,4,66,24,Available
370,20250531,70,4,13,16,Low Stock
371,20250531,71,4,76,22,Available
372,20250531,72,4,18,5,Available
373,20250531,73,4,17,25,Low Stock
374,20250531,74,4,6,11,Low Stock
375,20250531,75,4,89,10,Available
376,20250531,76,4,75,14,Available
377,20250531,77,4,1,5,Low Stock
378,20250531,78,4,120,6,Available
379,20250531,79,4,97,9,Available
380,20250531,80,4,97,18,Available
381,20250531,81,4,40,20,Available
382,20250531,82,4,84,22,Available
383,20250531,83,4,23,17,Available
384,20250531,84,4,64,22,Available
385,20250531,85,4,25,22,Available
386,20250531,86,4,12,8,Available
387,20250531,87,4,52,18,Available
388,20250531,88,4,112,14,Available
389,20250531,89,4,54,21,Available
390,20250531,90,4,0,9,Stockout
391,20250531,91,4,51,11,Available
392,20250531,92,4,67,23,Available
393,20250531,93,4,82,11,Available
394,20250531,94,4,118,10,Available
395,20250531,95,4,62,16,Available
396,20250531,96,4,58,16,Available
397,20250531,97,4,71,22,Available
398,20250531,98,4,108,16,Available
399,20250531,99,4,81,17,Available
400,20250531,100,4,49,10,Available
401,20250531,1,5,35,21,Available
402,20250531,2,5,28,6,Available
403,20250531,3,5,95,13,Available
404,20250531,4,5,48,12,Available
405,20250531,5,5,38,21,Available
406,20250531,6,5,90,25,Available
407,20250531,7,5,55,19,Available
408,20250531,8,5,18,14,Available
409,20250531,9,5,114,17,Available
410,20250531,10,5,83,6,Available
411,20250531,11,5,33,25,Available
412,20250531,12,5,12,23,Low Stock
413,20250531,13,5,78,22,Available
414,20250531,14,5,57,16,Available
415,20250531,15,5,83,10,Available
416,20250531,16,5,39,8,Available
417,20250531,17,5,4,25,Low Stock
418,20250531,18,5,83,24,Available
419,20250531,19,5,7,7,Available
420,20250531,20,5,106,17,Available
421,20250531,21,5,38,14,Available
422,20250531,22,5,92,13,Available
423,20250531,23,5,65,23,Available
424,20250531,24,5,52,19,Available
425,20250531,25,5,78,18,Available
426,20250531,26,5,105,24,Available
427,20250531,27,5,109,20,Available
428,20250531,28,5,49,22,Available
429,20250531,29,5,68,18,Available
430,20250531,30,5,74,7,Available
431,20250531,31,5,58,19,Available
432,20250531,32,5,8,15,Low Stock
433,20250531,33,5,24,14,Available
434,20250531,34,5,38,18,Available
435,20250531,35,5,18,19,Low Stock
436,20250531,36,5,29,5,Available
437,20250531,37,5,11,9,Available
438,20250531,38,5,9,20,Low Stock
439,20250531,39,5,63,25,Available
440,20250531,40,5,92,24,Available
441,20250531,41,5,92,19,Available
442,20250531,42,5,3,23,Low Stock
443,20250531,43,5,2,21,Low Stock
444,20250531,44,5,78,21,Available
445,20250531,45,5,52,8,Available
446,20250531,46,5,35,14,Available
447,20250531,47,5,87,13,Available
448,20250531,48,5,114,11,Available
449,20250531,49,5,116,21,Available
450,20250531,50,5,10,16,Low Stock
451,20250531,51,5,30,8,Available
452,20250531,52,5,117,19,Available
453,20250531,53,5,4,8,Low Stock
454,20250531,54,5,35,18,Available
455,20250531,55,5,1,6,Low Stock
456,20250531,56,5,10,13,Low Stock
457,20250531,57,5,0,7,Stockout
458,20250531,58,5,74,25,Available
459,20250531,59,5,40,14,Available
460,20250531,60,5,41,18,Available
461,20250531,61,5,48,17,Available
462,20250531,62,5,26,17,Available
463,20250531,63,5,100,25,Available
464,20250531,64,5,41,20,Available
465,20250531,65,5,100,8,Available
466,20250531,66,5,93,7,Available
467,20250531,67,5,24,12,Available
468,20250531,68,5,110,25,Available
469,20250531,69,5,26,21,Available
470,20250531,70,5,8,14,Low Stock
471,20250531,71,5,119,6,Available
472,20250531,72,5,48,12,Available
473,20250531,73,5,2,9,Low Stock
474,20250531,74,5,107,15,Available
475,20250531,75,5,109,12,Available
476,20250531,76,5,35,7,Available
477,20250531,77,5,51,5,Available
478,20250531,78,5,84,24,Available
479,20250531,79,5,50,25,Available
480,20250531,80,5,25,21,Available
481,20250531,81,5,119,18,Available
482,20250531,82,5,54,12,Available
483,20250531,83,5,46,16,Available
484,20250531,84,5,31,23,Available
485,20250531,85,5,42,9,Available
486,20250531,86,5,80,24,Available
487,20250531,87,5,22,17,Available
488,20250531,88,5,107,16,Available
489,20250531,89,5,11,11,Available
490,20250531,90,5,89,9,Available
491,20250531,91,5,21,23,Low Stock
492,20250531,92,5,7,13,Low Stock
493,20250531,93,5,20,19,Available
494,20250531,94,5,117,17,Available
495,20250531,95,5,105,24,Available
496,20250531,96,5,56,6,Available
497,20250531,97,5,118,17,Available
498,20250531,98,5,2,9,Low Stock
499,20250531,99,5,42,10,Available
500,20250531,100,5,36,6,Available
501,20250531,1,6,27,23,Available
502,20250531,2,6,35,23,Available
503,20250531,3,6,109,12,Available
504,20250531,4,6,120,23,Available
505,20250531,5,6,45,7,Available
506,20250531,6,6,0,9,Stockout
507,20250531,7,6,34,17,Available
508,20250531,8,6,81,11,Available
509,20250531,9,6,8,8,Available
510,20250531,10,6,51,9,Available
511,20250531,11,6,103,9,Available
512,20250531,12,6,4,10,Low Stock
513,20250531,13,6,28,12,Available
514,20250531,14,6,0,6,Stockout
515,20250531,15,6,76,9,Available
516,20250531,16,6,94,10,Available
517,20250531,17,6,43,13,Available
518,20250531,18,6,87,25,Available
519,20250531,19,6,41,12,Available
520,20250531,20,6,10,24,Low Stock
521,20250531,21,6,43,20,Available
522,20250531,22,6,73,21,Available
523,20250531,23,6,24,17,Available
524,20250531,24,6,80,22,Available
525,20250531,25,6,6,16,Low Stock
526,20250531,26,6,83,13,Available
527,20250531,27,6,30,25,Available
528,20250531,28,6,47,17,Available
529,20250531,29,6,33,9,Available
530,20250531,30,6,75,15,Available
531,20250531,31,6,18,10,Available
532,20250531,32,6,34,11,Available
533,20250531,33,6,117,14,Available
534,20250531,34,6,82,22,Available
535,20250531,35,6,88,19,Available
536,20250531,36,6,34,10,Available
537,20250531,37,6,44,9,Available
538,20250531,38,6,45,24,Available
539,20250531,39,6,119,10,Available
540,20250531,40,6,46,21,Available
541,20250531,41,6,2,15,Low Stock
542,20250531,42,6,18,15,Available
543,20250531,43,6,118,20,Available
544,20250531,44,6,19,14,Available
545,20250531,45,6,4,8,Low Stock
546,20250531,46,6,34,14,Available
547,20250531,47,6,112,9,Available
548,20250531,48,6,85,19,Available
549,20250531,49,6,53,25,Available
550,20250531,50,6,94,12,Available
551,20250531,51,6,33,13,Available
552,20250531,52,6,48,24,Available
553,20250531,53,6,33,19,Available
554,20250531,54,6,81,11,Available
555,20250531,55,6,103,12,Available
556,20250531,56,6,95,21,Available
557,20250531,57,6,117,24,Available
558,20250531,58,6,67,24,Available
559,20250531,59,6,87,6,Available
560,20250531,60,6,76,15,Available
561,20250531,61,6,81,16,Available
562,20250531,62,6,113,10,Available
563,20250531,63,6,32,9,Available
564,20250531,64,6,11,11,Available
565,20250531,65,6,30,22,Available
566,20250531,66,6,88,24,Available
567,20250531,67,6,53,17,Available
568,20250531,68,6,24,25,Low Stock
569,20250531,69,6,58,24,Available
570,20250531,70,6,12,16,Low Stock
571,20250531,71,6,73,25,Available
572,20250531,72,6,117,9,Available
573,20250531,73,6,47,5,Available
574,20250531,74,6,8,16,Low Stock
575,20250531,75,6,104,8,Available
576,20250531,76,6,38,16,Available
577,20250531,77,6,61,7,Available
578,20250531,78,6,101,19,Available
579,20250531,79,6,58,25,Available
580,20250531,80,6,66,15,Available
581,20250531,81,6,31,6,Available
582,20250531,82,6,120,13,Available
583,20250531,83,6,40,15,Available
584,20250531,84,6,64,9,Available
585,20250531,85,6,64,12,Available
586,20250531,86,6,52,14,Available
587,20250531,87,6,20,11,Available
588,20250531,88,6,3,13,Low Stock
589,20250531,89,6,66,24,Available
590,20250531,90,6,49,18,Available
591,20250531,91,6,119,5,Available
592,20250531,92,6,21,12,Available
593,20250531,93,6,2,10,Low Stock
594,20250531,94,6,92,17,Available
595,20250531,95,6,17,19,Low Stock
596,20250531,96,6,56,19,Available
597,20250531,97,6,101,21,Available
598,20250531,98,6,71,12,Available
599,20250531,99,6,3,5,Low Stock
600,20250531,100,6,14,6,Available
601,20250531,1,7,45,8,Available
602,20250531,2,7,8,14,Low Stock
603,20250531,3,7,9,17,Low Stock
604,20250531,4,7,60,21,Available
605,20250531,5,7,28,25,Available
606,20250531,6,7,29,23,Available
607,20250531,7,7,27,6,Available
608,20250531,8,7,114,7,Available
609,20250531,9,7,26,23,Available
610,20250531,10,7,26,24,Available
611,20250531,11,7,25,18,Available
612,20250531,12,7,1,7,Low Stock
613,20250531,13,7,114,6,Available
614,20250531,14,7,14,11,Available
615,20250531,15,7,0,16,Stockout
616,20250531,16,7,79,21,Available
617,20250531,17,7,3,6,Low Stock
618,20250531,18,7,63,18,Available
619,20250531,19,7,46,13,Available
620,20250531,20,7,58,16,Available
621,20250531,21,7,38,23,Available
622,20250531,22,7,7,9,Low Stock
623,20250531,23,7,52,9,Available
624,20250531,24,7,12,22,Low Stock
625,20250531,25,7,1,15,Low Stock
626,20250531,26,7,110,18,Available
627,20250531,27,7,34,8,Available
628,20250531,28,7,6,24,Low Stock
629,20250531,29,7,99,17,Available
630,20250531,30,7,95,15,Available
631,20250531,31,7,60,20,Available
632,20250531,32,7,71,8,Available
633,20250531,33,7,1,7,Low Stock
634,20250531,34,7,5,9,Low Stock
635,20250531,35,7,66,25,Available
636,20250531,36,7,12,10,Available
637,20250531,37,7,112,18,Available
638,20250531,38,7,63,23,Available
639,20250531,39,7,3,12,Low Stock
640,20250531,40,7,99,5,Available
641,20250531,41,7,32,23,Available
642,20250531,42,7,113,23,Available
643,20250531,43,7,109,6,Available
644,20250531,44,7,42,21,Available
645,20250531,45,7,14,24,Low Stock
646,20250531,46,7,107,23,Available
647,20250531,47,7,91,25,Available
648,20250531,48,7,23,14,Available
649,20250531,49,7,8,23,Low Stock
650,20250531,50,7,97,16,Available
651,20250531,51,7,13,15,Low Stock
652,20250531,52,7,8,18,Low Stock
653,20250531,53,7,102,12,Available
654,20250531,54,7,79,24,Available
655,20250531,55,7,2,22,Low Stock
656,20250531,56,7,28,7,Available
657,20250531,57,7,27,9,Available
658,20250531,58,7,105,11,Available
659,20250531,59,7,99,20,Available
660,20250531,60,7,75,17,Available
661,20250531,61,7,5,5,Available
662,20250531,62,7,15,9,Available
663,20250531,63,7,10,12,Low Stock
664,20250531,64,7,107,12,Available
665,20250531,65,7,14,16,Low Stock
666,20250531,66,7,107,22,Available
667,20250531,67,7,28,18,Available
668,20250531,68,7,5,17,Low Stock
669,20250531,69,7,5,9,Low Stock
670,20250531,70,7,91,9,Available
671,20250531,71,7,104,17,Available
672,20250531,72,7,13,18,Low Stock
673,20250531,73,7,9,7,Available
674,20250531,74,7,1,5,Low Stock
675,20250531,75,7,107,23,Available
676,20250531,76,7,81,20,Available
677,20250531,77,7,117,18,Available
678,20250531,78,7,39,12,Available
679,20250531,79,7,20,24,Low Stock
680,20250531,80,7,99,17,Available
681,20250531,81,7,119,18,Available
682,20250531,82,7,83,16,Available
683,20250531,83,7,68,25,Available
684,20250531,84,7,5,6,Low Stock
685,20250531,85,7,64,11,Available
686,20250531,86,7,16,10,Available
687,20250531,87,7,27,23,Available
688,20250531,88,7,53,16,Available
689,20250531,89,7,80,7,Available
690,20250531,90,7,23,7,Available
691,20250531,91,7,2,18,Low Stock
692,20250531,92,7,81,5,Available
693,20250531,93,7,28,23,Available
694,20250531,94,7,22,7,Available
695,20250531,95,7,115,21,Available
696,20250531,96,7,82,14,Available
697,20250531,97,7,53,20,Available
698,20250531,98,7,119,12,Available
699,20250531,99,7,54,19,Available
700,20250531,100,7,105,7,Available
701,20250531,1,8,10,19,Low Stock
702,20250531,2,8,30,6,Available
703,20250531,3,8,40,15,Available
704,20250531,4,8,112,8,Available
705,20250531,5,8,41,25,Available
706,20250531,6,8,30,24,Available
707,20250531,7,8,8,12,Low Stock
708,20250531,8,8,18,11,Available
709,20250531,9,8,91,20,Available
710,20250531,10,8,76,16,Available
711,20250531,11,8,20,11,Available
712,20250531,12,8,96,12,Available
713,20250531,13,8,45,20,Available
714,20250531,14,8,9,9,Available
715,20250531,15,8,68,10,Available
716,20250531,16,8,68,5,Available
717,20250531,17,8,5,5,Available
718,20250531,18,8,0,9,Stockout
719,20250531,19,8,24,12,Available
720,20250531,20,8,93,17,Available
721,20250531,21,8,64,5,Available
722,20250531,22,8,17,21,Low Stock
723,20250531,23,8,27,17,Available
724,20250531,24,8,53,20,Available
725,20250531,25,8,59,24,Available
726,20250531,26,8,118,23,Available
727,20250531,27,8,72,17,Available
728,20250531,28,8,2,9,Low Stock
729,20250531,29,8,35,19,Available
730,20250531,30,8,39,5,Available
731,20250531,31,8,98,6,Available
732,20250531,32,8,93,10,Available
733,20250531,33,8,110,18,Available
734,20250531,34,8,99,9,Available
735,20250531,35,8,84,15,Available
736,20250531,36,8,96,17,Available
737,20250531,37,8,96,11,Available
738,20250531,38,8,37,13,Available
739,20250531,39,8,4,7,Low Stock
740,20250531,40,8,93,22,Available
741,20250531,41,8,88,7,Available
742,20250531,42,8,106,13,Available
743,20250531,43,8,98,12,Available
744,20250531,44,8,110,12,Available
745,20250531,45,8,4,6,Low Stock
746,20250531,46,8,58,15,Available
747,20250531,47,8,75,19,Available
748,20250531,48,8,78,11,Available
749,20250531,49,8,48,25,Available
750,20250531,50,8,25,5,Available
751,20250531,51,8,105,23,Available
752,20250531,52,8,40,15,Available
753,20250531,53,8,15,7,Available
754,20250531,54,8,106,10,Available
755,20250531,55,8,12,20,Low Stock
756,20250531,56,8,19,21,Low Stock
757,20250531,57,8,119,5,Available
758,20250531,58,8,94,15,Available
759,20250531,59,8,26,10,Available
760,20250531,60,8,11,18,Low Stock
761,20250531,61,8,94,23,Available
762,20250531,62,8,94,13,Available
763,20250531,63,8,63,25,Available
764,20250531,64,8,27,25,Available
765,20250531,65,8,74,23,Available
766,20250531,66,8,59,11,Available
767,20250531,67,8,0,17,Stockout
768,20250531,68,8,90,13,Available
769,20250531,69,8,83,6,Available
770,20250531,70,8,38,15,Available
771,20250531,71,8,56,12,Available
772,20250531,72,8,0,11,Stockout
773,20250531,73,8,3,24,Low Stock
774,20250531,74,8,81,14,Available
775,20250531,75,8,13,21,Low Stock
776,20250531,76,8,96,6,Available
777,20250531,77,8,47,12,Available
778,20250531,78,8,84,7,Available
779,20250531,79,8,119,24,Available
780,20250531,80,8,24,13,Available
781,20250531,81,8,82,11,Available
782,20250531,82,8,76,14,Available
783,20250531,83,8,2,14,Low Stock
784,20250531,84,8,81,14,Available
785,20250531,85,8,82,6,Available
786,20250531,86,8,97,6,Available
787,20250531,87,8,73,19,Available
788,20250531,88,8,5,15,Low Stock
789,20250531,89,8,110,15,Available
790,20250531,90,8,74,25,Available
791,20250531,91,8,75,25,Available
792,20250531,92,8,3,11,Low Stock
793,20250531,93,8,70,10,Available
794,20250531,94,8,71,16,Available
795,20250531,95,8,64,9,Available
796,20250531,96,8,42,7,Available
797,20250531,97,8,93,10,Available
798,20250531,98,8,8,14,Low Stock
799,20250531,99,8,110,21,Available
800,20250531,100,8,76,16,Available
801,20250531,1,9,50,17,Available
802,20250531,2,9,27,17,Available
803,20250531,3,9,24,13,Available
804,20250531,4,9,0,14,Stockout
805,20250531,5,9,64,23,Available
806,20250531,6,9,107,21,Available
807,20250531,7,9,78,24,Available
808,20250531,8,9,50,19,Available
809,20250531,9,9,83,22,Available
810,20250531,10,9,4,15,Low Stock
811,20250531,11,9,7,14,Low Stock
812,20250531,12,9,40,16,Available
813,20250531,13,9,73,5,Available
814,20250531,14,9,114,10,Available
815,20250531,15,9,80,25,Available
816,20250531,16,9,38,10,Available
817,20250531,17,9,63,17,Available
818,20250531,18,9,116,19,Available
819,20250531,19,9,42,13,Available
820,20250531,20,9,88,23,Available
821,20250531,21,9,100,23,Available
822,20250531,22,9,66,24,Available
823,20250531,23,9,35,14,Available
824,20250531,24,9,39,6,Available
825,20250531,25,9,48,15,Available
826,20250531,26,9,81,17,Available
827,20250531,27,9,95,11,Available
828,20250531,28,9,76,5,Available
829,20250531,29,9,117,19,Available
830,20250531,30,9,5,24,Low Stock
831,20250531,31,9,81,12,Available
832,20250531,32,9,8,9,Low Stock
833,20250531,33,9,50,16,Available
834,20250531,34,9,59,25,Available
835,20250531,35,9,100,9,Available
836,20250531,36,9,49,15,Available
837,20250531,37,9,4,10,Low Stock
838,20250531,38,9,8,13,Low Stock
839,20250531,39,9,85,18,Available
840,20250531,40,9,116,25,Available
841,20250531,41,9,30,25,Available
842,20250531,42,9,44,19,Available
843,20250531,43,9,35,13,Available
844,20250531,44,9,117,14,Available
845,20250531,45,9,65,8,Available
846,20250531,46,9,111,11,Available
847,20250531,47,9,120,7,Available
848,20250531,48,9,25,17,Available
849,20250531,49,9,71,11,Available
850,20250531,50,9,79,12,Available
851,20250531,51,9,1,11,Low Stock
852,20250531,52,9,34,25,Available
853,20250531,53,9,62,8,Available
854,20250531,54,9,29,8,Available
855,20250531,55,9,109,17,Available
856,20250531,56,9,15,18,Low Stock
857,20250531,57,9,24,7,Available
858,20250531,58,9,99,19,Available
859,20250531,59,9,72,9,Available
860,20250531,60,9,13,22,Low Stock
861,20250531,61,9,69,19,Available
862,20250531,62,9,41,7,Available
863,20250531,63,9,81,23,Available
864,20250531,64,9,83,15,Available
865,20250531,65,9,50,10,Available
866,20250531,66,9,31,24,Available
867,20250531,67,9,29,5,Available
868,20250531,68,9,106,7,Available
869,20250531,69,9,5,13,Low Stock
870,20250531,70,9,120,14,Available
871,20250531,71,9,52,8,Available
872,20250531,72,9,44,21,Available
873,20250531,73,9,94,22,Available
874,20250531,74,9,119,19,Available
875,20250531,75,9,3,5,Low Stock
876,20250531,76,9,102,19,Available
877,20250531,77,9,38,24,Available
878,20250531,78,9,57,17,Available
879,20250531,79,9,62,11,Available
880,20250531,80,9,51,10,Available
881,20250531,81,9,43,12,Available
882,20250531,82,9,1,10,Low Stock
883,20250531,83,9,104,15,Available
884,20250531,84,9,12,15,Low Stock
885,20250531,85,9,108,23,Available
886,20250531,86,9,14,23,Low Stock
887,20250531,87,9,8,8,Available
888,20250531,88,9,21,22,Low Stock
889,20250531,89,9,6,22,Low Stock
890,20250531,90,9,40,13,Available
891,20250531,91,9,118,16,Available
892,20250531,92,9,71,11,Available
893,20250531,93,9,76,21,Available
894,20250531,94,9,92,12,Available
895,20250531,95,9,53,14,Available
896,20250531,96,9,16,23,Low Stock
897,20250531,97,9,6,17,Low Stock
898,20250531,98,9,115,18,Available
899,20250531,99,9,57,9,Available
900,20250531,100,9,22,5,Available
901,20250531,1,10,41,23,Available
902,20250531,2,10,20,9,Available
903,20250531,3,10,67,10,Available
904,20250531,4,10,108,11,Available
905,20250531,5,10,70,15,Available
906,20250531,6,10,17,20,Low Stock
907,20250531,7,10,87,23,Available
908,20250531,8,10,25,8,Available
909,20250531,9,10,30,11,Available
910,20250531,10,10,48,24,Available
911,20250531,11,10,37,24,Available
912,20250531,12,10,84,5,Available
913,20250531,13,10,7,14,Low Stock
914,20250531,14,10,114,22,Available
915,20250531,15,10,21,17,Available
916,20250531,16,10,99,6,Available
917,20250531,17,10,115,5,Available
918,20250531,18,10,6,13,Low Stock
919,20250531,19,10,115,11,Available
920,20250531,20,10,43,13,Available
921,20250531,21,10,49,16,Available
922,20250531,22,10,23,8,Available
923,20250531,23,10,89,16,Available
924,20250531,24,10,108,25,Available
925,20250531,25,10,106,9,Available
926,20250531,26,10,37,24,Available
927,20250531,27,10,30,24,Available
928,20250531,28,10,55,7,Available
929,20250531,29,10,60,20,Available
930,20250531,30,10,25,23,Available
931,20250531,31,10,85,16,Available
932,20250531,32,10,89,17,Available
933,20250531,33,10,112,7,Available
934,20250531,34,10,51,8,Available
935,20250531,35,10,13,11,Available
936,20250531,36,10,91,14,Available
937,20250531,37,10,108,25,Available
938,20250531,38,10,15,24,Low Stock
939,20250531,39,10,4,5,Low Stock
940,20250531,40,10,33,8,Available
941,20250531,41,10,70,25,Available
942,20250531,42,10,13,16,Low Stock
943,20250531,43,10,85,14,Available
944,20250531,44,10,110,22,Available
945,20250531,45,10,60,22,Available
946,20250531,46,10,53,20,Available
947,20250531,47,10,63,22,Available
948,20250531,48,10,80,8,Available
949,20250531,49,10,14,10,Available
950,20250531,50,10,111,25,Available
951,20250531,51,10,24,14,Available
952,20250531,52,10,70,23,Available
953,20250531,53,10,38,8,Available
954,20250531,54,10,111,23,Available
955,20250531,55,10,73,17,Available
956,20250531,56,10,21,24,Low Stock
957,20250531,57,10,107,21,Available
958,20250531,58,10,16,17,Low Stock
959,20250531,59,10,9,11,Low Stock
960,20250531,60,10,106,5,Available
961,20250531,61,10,39,21,Available
962,20250531,62,10,63,22,Available
963,20250531,63,10,102,11,Available
964,20250531,64,10,46,22,Available
965,20250531,65,10,71,11,Available
966,20250531,66,10,13,7,Available
967,20250531,67,10,74,22,Available
968,20250531,68,10,59,14,Available
969,20250531,69,10,38,6,Available
970,20250531,70,10,46,22,Available
971,20250531,71,10,49,5,Available
972,20250531,72,10,9,8,Available
973,20250531,73,10,19,7,Available
974,20250531,74,10,80,17,Available
975,20250531,75,10,40,5,Available
976,20250531,76,10,109,16,Available
977,20250531,77,10,94,9,Available
978,20250531,78,10,119,8,Available
979,20250531,79,10,10,14,Low Stock
980,20250531,80,10,46,15,Available
981,20250531,81,10,58,17,Available
982,20250531,82,10,52,18,Available
983,20250531,83,10,8,9,Low Stock
984,20250531,84,10,30,6,Available
985,20250531,85,10,26,8,Available
986,20250531,86,10,111,8,Available
987,20250531,87,10,116,8,Available
988,20250531,88,10,44,12,Available
989,20250531,89,10,57,6,Available
990,20250531,90,10,6,9,Low Stock
991,20250531,91,10,112,8,Available
992,20250531,92,10,9,23,Low Stock
993,20250531,93,10,1,25,Low Stock
994,20250531,94,10,38,10,Available
995,20250531,95,10,58,5,Available
996,20250531,96,10,64,17,Available
997,20250531,97,10,48,17,Available
998,20250531,98,10,46,22,Available
999,20250531,99,10,51,14,Available
1000,20250531,100,10,6,14,Low Stock
1001,20250531,1,11,116,21,Available
1002,20250531,2,11,31,24,Available
1003,20250531,3,11,97,11,Available
1004,20250531,4,11,24,23,Available
1005,20250531,5,11,24,24,Available
1006,20250531,6,11,80,13,Available
1007,20250531,7,11,47,18,Available
1008,20250531,8,11,7,15,Low Stock
1009,20250531,9,11,67,5,Available
1010,20250531,10,11,20,14,Available
1011,20250531,11,11,60,16,Available
1012,20250531,12,11,118,23,Available
1013,20250531,13,11,50,7,Available
1014,20250531,14,11,97,22,Available
1015,20250531,15,11,95,16,Available
1016,20250531,16,11,10,12,Low Stock
1017,20250531,17,11,7,8,Low Stock
1018,20250531,18,11,47,14,Available
1019,20250531,19,11,92,20,Available
1020,20250531,20,11,29,10,Available
1021,20250531,21,11,47,25,Available
1022,20250531,22,11,100,8,Available
1023,20250531,23,11,86,6,Available
1024,20250531,24,11,16,20,Low Stock
1025,20250531,25,11,49,12,Available
1026,20250531,26,11,109,17,Available
1027,20250531,27,11,13,6,Available
1028,20250531,28,11,1,13,Low Stock
1029,20250531,29,11,1,8,Low Stock
1030,20250531,30,11,57,18,Available
1031,20250531,31,11,73,14,Available
1032,20250531,32,11,68,21,Available
1033,20250531,33,11,4,24,Low Stock
1034,20250531,34,11,23,20,Available
1035,20250531,35,11,15,9,Available
1036,20250531,36,11,74,23,Available
1037,20250531,37,11,103,25,Available
1038,20250531,38,11,110,21,Available
1039,20250531,39,11,99,17,Available
1040,20250531,40,11,34,7,Available
1041,20250531,41,11,119,19,Available
1042,20250531,42,11,12,24,Low Stock
1043,20250531,43,11,43,19,Available
1044,20250531,44,11,21,18,Available
1045,20250531,45,11,32,19,Available
1046,20250531,46,11,7,14,Low Stock
1047,20250531,47,11,5,16,Low Stock
1048,20250531,48,11,120,7,Available
1049,20250531,49,11,113,20,Available
1050,20250531,50,11,81,9,Available
1051,20250531,51,11,103,12,Available
1052,20250531,52,11,21,11,Available
1053,20250531,53,11,26,12,Available
1054,20250531,54,11,58,7,Available
1055,20250531,55,11,84,24,Available
1056,20250531,56,11,88,14,Available
1057,20250531,57,11,34,20,Available
1058,20250531,58,11,63,21,Available
1059,20250531,59,11,55,8,Available
1060,20250531,60,11,49,19,Available
1061,20250531,61,11,26,11,Available
1062,20250531,62,11,17,16,Available
1063,20250531,63,11,40,14,Available
1064,20250531,64,11,53,10,Available
1065,20250531,65,11,113,22,Available
1066,20250531,66,11,6,23,Low Stock
1067,20250531,67,11,95,13,Available
1068,20250531,68,11,82,16,Available
1069,20250531,69,11,14,16,Low Stock
1070,20250531,70,11,53,20,Available
1071,20250531,71,11,0,13,Stockout
1072,20250531,72,11,119,20,Available
1073,20250531,73,11,48,13,Available
1074,20250531,74,11,89,12,Available
1075,20250531,75,11,71,17,Available
1076,20250531,76,11,82,14,Available
1077,20250531,77,11,34,19,Available
1078,20250531,78,11,15,7,Available
1079,20250531,79,11,102,20,Available
1080,20250531,80,11,55,19,Available
1081,20250531,81,11,113,19,Available
1082,20250531,82,11,39,9,Available
1083,20250531,83,11,93,12,Available
1084,20250531,84,11,16,25,Low Stock
1085,20250531,85,11,59,18,Available
1086,20250531,86,11,109,8,Available
1087,20250531,87,11,106,25,Available
1088,20250531,88,11,100,19,Available
1089,20250531,89,11,79,19,Available
1090,20250531,90,11,64,25,Available
1091,20250531,91,11,10,16,Low Stock
1092,20250531,92,11,67,5,Available
1093,20250531,93,11,32,13,Available
1094,20250531,94,11,29,16,Available
1095,20250531,95,11,93,23,Available
1096,20250531,96,11,4,19,Low Stock
1097,20250531,97,11,116,16,Available
1098,20250531,98,11,66,25,Available
1099,20250531,99,11,68,8,Available
1100,20250531,100,11,77,22,Available
1101,20250531,1,12,64,25,Available
1102,20250531,2,12,69,13,Available
1103,20250531,3,12,4,21,Low Stock
1104,20250531,4,12,0,9,Stockout
1105,20250531,5,12,91,18,Available
1106,20250531,6,12,67,19,Available
1107,20250531,7,12,19,6,Available
1108,20250531,8,12,14,21,Low Stock
1109,20250531,9,12,47,18,Available
1110,20250531,10,12,23,16,Available
1111,20250531,11,12,104,10,Available
1112,20250531,12,12,6,17,Low Stock
1113,20250531,13,12,70,16,Available
1114,20250531,14,12,120,6,Available
1115,20250531,15,12,111,25,Available
1116,20250531,16,12,84,15,Available
1117,20250531,17,12,10,13,Low Stock
1118,20250531,18,12,91,17,Available
1119,20250531,19,12,0,7,Stockout
1120,20250531,20,12,5,6,Low Stock
1121,20250531,21,12,85,23,Available
1122,20250531,22,12,13,6,Available
1123,20250531,23,12,49,18,Available
1124,20250531,24,12,23,8,Available
1125,20250531,25,12,34,19,Available
1126,20250531,26,12,42,20,Available
1127,20250531,27,12,61,18,Available
1128,20250531,28,12,26,16,Available
1129,20250531,29,12,4,11,Low Stock
1130,20250531,30,12,56,20,Available
1131,20250531,31,12,3,6,Low Stock
1132,20250531,32,12,68,9,Available
1133,20250531,33,12,88,24,Available
1134,20250531,34,12,15,17,Low Stock
1135,20250531,35,12,27,17,Available
1136,20250531,36,12,102,17,Available
1137,20250531,37,12,83,19,Available
1138,20250531,38,12,1,21,Low Stock
1139,20250531,39,12,94,11,Available
1140,20250531,40,12,49,23,Available
1141,20250531,41,12,34,16,Available
1142,20250531,42,12,25,20,Available
1143,20250531,43,12,71,21,Available
1144,20250531,44,12,58,25,Available
1145,20250531,45,12,94,24,Available
1146,20250531,46,12,2,6,Low Stock
1147,20250531,47,12,23,10,Available
1148,20250531,48,12,96,16,Available
1149,20250531,49,12,50,19,Available
1150,20250531,50,12,18,23,Low Stock
1151,20250531,51,12,93,8,Available
1152,20250531,52,12,56,17,Available
1153,20250531,53,12,2,17,Low Stock
1154,20250531,54,12,108,24,Available
1155,20250531,55,12,58,25,Available
1156,20250531,56,12,119,23,Available
1157,20250531,57,12,70,11,Available
1158,20250531,58,12,94,10,Available
1159,20250531,59,12,7,6,Available
1160,20250531,60,12,48,18,Available
1161,20250531,61,12,60,10,Available
1162,20250531,62,12,12,15,Low Stock
1163,20250531,63,12,11,22,Low Stock
1164,20250531,64,12,74,23,Available
1165,20250531,65,12,39,17,Available
1166,20250531,66,12,15,17,Low Stock
1167,20250531,67,12,112,8,Available
1168,20250531,68,12,38,15,Available
1169,20250531,69,12,32,10,Available
1170,20250531,70,12,74,23,Available
1171,20250531,71,12,25,9,Available
1172,20250531,72,12,68,24,Available
1173,20250531,73,12,83,13,Available
1174,20250531,74,12,31,20,Available
1175,20250531,75,12,15,16,Low Stock
1176,20250531,76,12,120,13,Available
1177,20250531,77,12,76,21,Available
1178,20250531,78,12,91,20,Available
1179,20250531,79,12,79,14,Available
1180,20250531,80,12,76,11,Available
1181,20250531,81,12,70,25,Available
1182,20250531,82,12,72,23,Available
1183,20250531,83,12,99,17,Available
1184,20250531,84,12,83,22,Available
1185,20250531,85,12,10,18,Low Stock
1186,20250531,86,12,1,6,Low Stock
1187,20250531,87,12,94,16,Available
1188,20250531,88,12,53,18,Available
1189,20250531,89,12,24,5,Available
1190,20250531,90,12,69,12,Available
1191,20250531,91,12,2,13,Low Stock
1192,20250531,92,12,77,20,Available
1193,20250531,93,12,49,20,Available
1194,20250531,94,12,112,25,Available
1195,20250531,95,12,56,21,Available
1196,20250531,96,12,35,15,Available
1197,20250531,97,12,96,18,Available
1198,20250531,98,12,105,12,Available
1199,20250531,99,12,39,21,Available
1200,20250531,100,12,27,5,Available
1201,20250531,1,13,99,21,Available
1202,20250531,2,13,37,24,Available
1203,20250531,3,13,103,18,Available
1204,20250531,4,13,16,23,Low Stock
1205,20250531,5,13,17,22,Low Stock
1206,20250531,6,13,31,5,Available
1207,20250531,7,13,28,10,Available
1208,20250531,8,13,5,14,Low Stock
1209,20250531,9,13,97,20,Available
1210,20250531,10,13,46,17,Available
1211,20250531,11,13,43,20,Available
1212,20250531,12,13,52,8,Available
1213,20250531,13,13,0,15,Stockout
1214,20250531,14,13,48,24,Available
1215,20250531,15,13,66,10,Available
1216,20250531,16,13,98,8,Available
1217,20250531,17,13,104,15,Available
1218,20250531,18,13,7,7,Available
1219,20250531,19,13,116,10,Available
1220,20250531,20,13,28,15,Available
1221,20250531,21,13,77,23,Available
1222,20250531,22,13,110,5,Available
1223,20250531,23,13,59,9,Available
1224,20250531,24,13,2,20,Low Stock
1225,20250531,25,13,24,7,Available
1226,20250531,26,13,43,19,Available
1227,20250531,27,13,76,8,Available
1228,20250531,28,13,63,17,Available
1229,20250531,29,13,73,18,Available
1230,20250531,30,13,29,21,Available
1231,20250531,31,13,102,19,Available
1232,20250531,32,13,92,16,Available
1233,20250531,33,13,14,18,Low Stock
1234,20250531,34,13,35,10,Available
1235,20250531,35,13,104,14,Available
1236,20250531,36,13,53,16,Available
1237,20250531,37,13,30,5,Available
1238,20250531,38,13,50,13,Available
1239,20250531,39,13,73,18,Available
1240,20250531,40,13,80,20,Available
1241,20250531,41,13,2,13,Low Stock
1242,20250531,42,13,26,10,Available
1243,20250531,43,13,32,8,Available
1244,20250531,44,13,100,7,Available
1245,20250531,45,13,52,23,Available
1246,20250531,46,13,69,11,Available
1247,20250531,47,13,28,6,Available
1248,20250531,48,13,109,16,Available
1249,20250531,49,13,99,5,Available
1250,20250531,50,13,7,10,Low Stock
1251,20250531,51,13,109,15,Available
1252,20250531,52,13,47,7,Available
1253,20250531,53,13,101,11,Available
1254,20250531,54,13,101,12,Available
1255,20250531,55,13,93,7,Available
1256,20250531,56,13,36,7,Available
1257,20250531,57,13,44,11,Available
1258,20250531,58,13,52,7,Available
1259,20250531,59,13,92,11,Available
1260,20250531,60,13,5,10,Low Stock
1261,20250531,61,13,91,18,Available
1262,20250531,62,13,59,9,Available
1263,20250531,63,13,52,9,Available
1264,20250531,64,13,71,6,Available
1265,20250531,65,13,31,16,Available
1266,20250531,66,13,114,18,Available
1267,20250531,67,13,35,25,Available
1268,20250531,68,13,47,10,Available
1269,20250531,69,13,49,11,Available
1270,20250531,70,13,30,18,Available
1271,20250531,71,13,35,21,Available
1272,20250531,72,13,106,18,Available
1273,20250531,73,13,2,17,Low Stock
1274,20250531,74,13,39,5,Available
1275,20250531,75,13,80,19,Available
1276,20250531,76,13,6,12,Low Stock
1277,20250531,77,13,8,20,Low Stock
1278,20250531,78,13,54,24,Available
1279,20250531,79,13,68,10,Available
1280,20250531,80,13,24,24,Available
1281,20250531,81,13,34,17,Available
1282,20250531,82,13,36,18,Available
1283,20250531,83,13,83,13,Available
1284,20250531,84,13,32,24,Available
1285,20250531,85,13,64,8,Available
1286,20250531,86,13,65,25,Available
1287,20250531,87,13,110,22,Available
1288,20250531,88,13,112,13,Available
1289,20250531,89,13,105,24,Available
1290,20250531,90,13,69,12,Available
1291,20250531,91,13,15,15,Available
1292,20250531,92,13,22,8,Available
1293,20250531,93,13,120,12,Available
1294,20250531,94,13,42,13,Available
1295,20250531,95,13,67,19,Available
1296,20250531,96,13,70,14,Available
1297,20250531,97,13,30,23,Available
1298,20250531,98,13,23,7,Available
1299,20250531,99,13,51,6,Available
1300,20250531,100,13,45,18,Available
1301,20250531,1,14,45,25,Available
1302,20250531,2,14,5,21,Low Stock
1303,20250531,3,14,90,11,Available
1304,20250531,4,14,83,18,Available
1305,20250531,5,14,59,14,Available
1306,20250531,6,14,93,16,Available
1307,20250531,7,14,50,19,Available
1308,20250531,8,14,111,21,Available
1309,20250531,9,14,41,23,Available
1310,20250531,10,14,59,25,Available
1311,20250531,11,14,71,18,Available
1312,20250531,12,14,15,21,Low Stock
1313,20250531,13,14,55,8,Available
1314,20250531,14,14,101,25,Available
1315,20250531,15,14,93,16,Available
1316,20250531,16,14,70,16,Available
1317,20250531,17,14,64,21,Available
1318,20250531,18,14,77,9,Available
1319,20250531,19,14,79,6,Available
1320,20250531,20,14,51,9,Available
1321,20250531,21,14,40,25,Available
1322,20250531,22,14,49,11,Available
1323,20250531,23,14,79,7,Available
1324,20250531,24,14,22,13,Available
1325,20250531,25,14,18,14,Available
1326,20250531,26,14,37,19,Available
1327,20250531,27,14,55,9,Available
1328,20250531,28,14,8,6,Available
1329,20250531,29,14,111,16,Available
1330,20250531,30,14,22,20,Available
1331,20250531,31,14,68,13,Available
1332,20250531,32,14,69,12,Available
1333,20250531,33,14,96,19,Available
1334,20250531,34,14,5,7,Low Stock
1335,20250531,35,14,95,5,Available
1336,20250531,36,14,10,8,Available
1337,20250531,37,14,115,12,Available
1338,20250531,38,14,1,16,Low Stock
1339,20250531,39,14,13,7,Available
1340,20250531,40,14,4,23,Low Stock
1341,20250531,41,14,20,9,Available
1342,20250531,42,14,9,11,Low Stock
1343,20250531,43,14,22,23,Low Stock
1344,20250531,44,14,63,7,Available
1345,20250531,45,14,97,19,Available
1346,20250531,46,14,11,16,Low Stock
1347,20250531,47,14,44,20,Available
1348,20250531,48,14,83,5,Available
1349,20250531,49,14,81,20,Available
1350,20250531,50,14,62,14,Available
1351,20250531,51,14,31,14,Available
1352,20250531,52,14,38,12,Available
1353,20250531,53,14,83,12,Available
1354,20250531,54,14,67,14,Available
1355,20250531,55,14,49,23,Available
1356,20250531,56,14,28,22,Available
1357,20250531,57,14,1,14,Low Stock
1358,20250531,58,14,69,18,Available
1359,20250531,59,14,107,13,Available
1360,20250531,60,14,48,23,Available
1361,20250531,61,14,60,23,Available
1362,20250531,62,14,95,8,Available
1363,20250531,63,14,51,25,Available
1364,20250531,64,14,115,25,Available
1365,20250531,65,14,89,19,Available
1366,20250531,66,14,89,9,Available
1367,20250531,67,14,112,10,Available
1368,20250531,68,14,90,5,Available
1369,20250531,69,14,18,10,Available
1370,20250531,70,14,98,17,Available
1371,20250531,71,14,92,8,Available
1372,20250531,72,14,107,5,Available
1373,20250531,73,14,117,6,Available
1374,20250531,74,14,52,22,Available
1375,20250531,75,14,84,23,Available
1376,20250531,76,14,66,9,Available
1377,20250531,77,14,115,15,Available
1378,20250531,78,14,4,14,Low Stock
1379,20250531,79,14,90,7,Available
1380,20250531,80,14,115,16,Available
1381,20250531,81,14,60,10,Available
1382,20250531,82,14,22,23,Low Stock
1383,20250531,83,14,34,5,Available
1384,20250531,84,14,9,13,Low Stock
1385,20250531,85,14,88,7,Available
1386,20250531,86,14,2,7,Low Stock
1387,20250531,87,14,4,6,Low Stock
1388,20250531,88,14,97,11,Available
1389,20250531,89,14,86,20,Available
1390,20250531,90,14,102,24,Available
1391,20250531,91,14,20,23,Low Stock
1392,20250531,92,14,48,20,Available
1393,20250531,93,14,77,21,Available
1394,20250531,94,14,42,15,Available
1395,20250531,95,14,8,14,Low Stock
1396,20250531,96,14,83,10,Available
1397,20250531,97,14,94,21,Available
1398,20250531,98,14,58,12,Available
1399,20250531,99,14,11,15,Low Stock
1400,20250531,100,14,86,5,Available
1401,20250531,1,15,54,16,Available
1402,20250531,2,15,84,22,Available
1403,20250531,3,15,3,5,Low Stock
1404,20250531,4,15,9,8,Available
1405,20250531,5,15,22,9,Available
1406,20250531,6,15,61,19,Available
1407,20250531,7,15,50,6,Available
1408,20250531,8,15,92,25,Available
1409,20250531,9,15,0,7,Stockout
1410,20250531,10,15,1,13,Low Stock
1411,20250531,11,15,41,25,Available
1412,20250531,12,15,26,7,Available
1413,20250531,13,15,46,24,Available
1414,20250531,14,15,64,19,Available
1415,20250531,15,15,63,8,Available
1416,20250531,16,15,13,6,Available
1417,20250531,17,15,107,24,Available
1418,20250531,18,15,112,11,Available
1419,20250531,19,15,75,16,Available
1420,20250531,20,15,97,18,Available
1421,20250531,21,15,70,8,Available
1422,20250531,22,15,119,10,Available
1423,20250531,23,15,87,14,Available
1424,20250531,24,15,97,16,Available
1425,20250531,25,15,60,16,Available
1426,20250531,26,15,28,7,Available
1427,20250531,27,15,13,15,Low Stock
1428,20250531,28,15,9,23,Low Stock
1429,20250531,29,15,60,14,Available
1430,20250531,30,15,44,19,Available
1431,20250531,31,15,66,22,Available
1432,20250531,32,15,79,14,Available
1433,20250531,33,15,81,18,Available
1434,20250531,34,15,107,23,Available
1435,20250531,35,15,15,20,Low Stock
1436,20250531,36,15,118,8,Available
1437,20250531,37,15,65,6,Available
1438,20250531,38,15,58,23,Available
1439,20250531,39,15,54,7,Available
1440,20250531,40,15,2,5,Low Stock
1441,20250531,41,15,79,15,Available
1442,20250531,42,15,35,14,Available
1443,20250531,43,15,96,17,Available
1444,20250531,44,15,60,22,Available
1445,20250531,45,15,106,18,Available
1446,20250531,46,15,81,17,Available
1447,20250531,47,15,8,10,Low Stock
1448,20250531,48,15,1,14,Low Stock
1449,20250531,49,15,19,19,Available
1450,20250531,50,15,20,25,Low Stock
1451,20250531,51,15,47,24,Available
1452,20250531,52,15,106,8,Available
1453,20250531,53,15,8,12,Low Stock
1454,20250531,54,15,103,14,Available
1455,20250531,55,15,57,9,Available
1456,20250531,56,15,73,8,Available
1457,20250531,57,15,15,23,Low Stock
1458,20250531,58,15,94,8,Available
1459,20250531,59,15,62,15,Available
1460,20250531,60,15,52,22,Available
1461,20250531,61,15,50,22,Available
1462,20250531,62,15,76,12,Available
1463,20250531,63,15,91,14,Available
1464,20250531,64,15,102,24,Available
1465,20250531,65,15,82,7,Available
1466,20250531,66,15,10,16,Low Stock
1467,20250531,67,15,10,20,Low Stock
1468,20250531,68,15,4,5,Low Stock
1469,20250531,69,15,85,22,Available
1470,20250531,70,15,54,23,Available
1471,20250531,71,15,44,8,Available
1472,20250531,72,15,44,18,Available
1473,20250531,73,15,74,5,Available
1474,20250531,74,15,48,8,Available
1475,20250531,75,15,110,14,Available
1476,20250531,76,15,96,17,Available
1477,20250531,77,15,8,25,Low Stock
1478,20250531,78,15,62,16,Available
1479,20250531,79,15,97,11,Available
1480,20250531,80,15,8,16,Low Stock
1481,20250531,81,15,16,14,Available
1482,20250531,82,15,25,14,Available
1483,20250531,83,15,90,10,Available
1484,20250531,84,15,52,18,Available
1485,20250531,85,15,17,19,Low Stock
1486,20250531,86,15,105,15,Available
1487,20250531,87,15,23,8,Available
1488,20250531,88,15,81,23,Available
1489,20250531,89,15,19,19,Available
1490,20250531,90,15,67,19,Available
1491,20250531,91,15,16,5,Available
1492,20250531,92,15,32,18,Available
1493,20250531,93,15,37,16,Available
1494,20250531,94,15,84,13,Available
1495,20250531,95,15,70,24,Available
1496,20250531,96,15,78,16,Available
1497,20250531,97,15,58,6,Available
1498,20250531,98,15,62,9,Available
1499,20250531,99,15,57,8,Available
1500,20250531,100,15,16,13,Available
1501,20250531,1,16,4,5,Low Stock
1502,20250531,2,16,3,18,Low Stock
1503,20250531,3,16,5,12,Low Stock
1504,20250531,4,16,88,9,Available
1505,20250531,5,16,88,13,Available
1506,20250531,6,16,59,17,Available
1507,20250531,7,16,110,20,Available
1508,20250531,8,16,84,13,Available
1509,20250531,9,16,79,25,Available
1510,20250531,10,16,92,20,Available
1511,20250531,11,16,9,13,Low Stock
1512,20250531,12,16,112,22,Available
1513,20250531,13,16,76,5,Available
1514,20250531,14,16,113,25,Available
1515,20250531,15,16,99,7,Available
1516,20250531,16,16,61,20,Available
1517,20250531,17,16,3,10,Low Stock
1518,20250531,18,16,2,12,Low Stock
1519,20250531,19,16,104,19,Available
1520,20250531,20,16,70,8,Available
1521,20250531,21,16,54,24,Available
1522,20250531,22,16,118,21,Available
1523,20250531,23,16,90,25,Available
1524,20250531,24,16,10,11,Low Stock
1525,20250531,25,16,24,6,Available
1526,20250531,26,16,42,6,Available
1527,20250531,27,16,26,12,Available
1528,20250531,28,16,33,21,Available
1529,20250531,29,16,58,13,Available
1530,20250531,30,16,24,6,Available
1531,20250531,31,16,9,15,Low Stock
1532,20250531,32,16,90,25,Available
1533,20250531,33,16,4,9,Low Stock
1534,20250531,34,16,21,6,Available
1535,20250531,35,16,105,25,Available
1536,20250531,36,16,75,12,Available
1537,20250531,37,16,15,11,Available
1538,20250531,38,16,100,6,Available
1539,20250531,39,16,65,23,Available
1540,20250531,40,16,88,25,Available
1541,20250531,41,16,5,12,Low Stock
1542,20250531,42,16,38,18,Available
1543,20250531,43,16,86,6,Available
1544,20250531,44,16,87,9,Available
1545,20250531,45,16,9,16,Low Stock
1546,20250531,46,16,3,7,Low Stock
1547,20250531,47,16,3,6,Low Stock
1548,20250531,48,16,1,9,Low Stock
1549,20250531,49,16,112,5,Available
1550,20250531,50,16,53,17,Available
1551,20250531,51,16,110,25,Available
1552,20250531,52,16,4,17,Low Stock
1553,20250531,53,16,11,12,Low Stock
1554,20250531,54,16,38,8,Available
1555,20250531,55,16,93,24,Available
1556,20250531,56,16,26,23,Available
1557,20250531,57,16,90,23,Available
1558,20250531,58,16,55,23,Available
1559,20250531,59,16,117,23,Available
1560,20250531,60,16,46,9,Available
1561,20250531,61,16,45,9,Available
1562,20250531,62,16,2,14,Low Stock
1563,20250531,63,16,45,16,Available
1564,20250531,64,16,56,23,Available
1565,20250531,65,16,51,15,Available
1566,20250531,66,16,102,14,Available
1567,20250531,67,16,9,20,Low Stock
1568,20250531,68,16,11,14,Low Stock
1569,20250531,69,16,105,9,Available
1570,20250531,70,16,65,17,Available
1571,20250531,71,16,83,5,Available
1572,20250531,72,16,35,5,Available
1573,20250531,73,16,17,20,Low Stock
1574,20250531,74,16,24,12,Available
1575,20250531,75,16,61,18,Available
1576,20250531,76,16,39,12,Available
1577,20250531,77,16,115,20,Available
1578,20250531,78,16,65,19,Available
1579,20250531,79,16,2,9,Low Stock
1580,20250531,80,16,12,15,Low Stock
1581,20250531,81,16,97,11,Available
1582,20250531,82,16,44,8,Available
1583,20250531,83,16,120,10,Available
1584,20250531,84,16,65,9,Available
1585,20250531,85,16,68,7,Available
1586,20250531,86,16,1,20,Low Stock
1587,20250531,87,16,38,18,Available
1588,20250531,88,16,108,24,Available
1589,20250531,89,16,46,20,Available
1590,20250531,90,16,28,16,Available
1591,20250531,91,16,88,21,Available
1592,20250531,92,16,71,25,Available
1593,20250531,93,16,75,22,Available
1594,20250531,94,16,77,10,Available
1595,20250531,95,16,3,16,Low Stock
1596,20250531,96,16,118,21,Available
1597,20250531,97,16,113,23,Available
1598,20250531,98,16,33,21,Available
1599,20250531,99,16,58,24,Available
1600,20250531,100,16,112,8,Available
1601,20250531,1,17,7,22,Low Stock
1602,20250531,2,17,77,25,Available
1603,20250531,3,17,86,11,Available
1604,20250531,4,17,39,15,Available
1605,20250531,5,17,47,11,Available
1606,20250531,6,17,117,19,Available
1607,20250531,7,17,0,9,Stockout
1608,20250531,8,17,50,23,Available
1609,20250531,9,17,108,9,Available
1610,20250531,10,17,29,25,Available
1611,20250531,11,17,34,24,Available
1612,20250531,12,17,33,19,Available
1613,20250531,13,17,49,12,Available
1614,20250531,14,17,88,5,Available
1615,20250531,15,17,59,20,Available
1616,20250531,16,17,94,21,Available
1617,20250531,17,17,3,20,Low Stock
1618,20250531,18,17,73,10,Available
1619,20250531,19,17,77,22,Available
1620,20250531,20,17,25,7,Available
1621,20250531,21,17,68,8,Available
1622,20250531,22,17,96,13,Available
1623,20250531,23,17,66,10,Available
1624,20250531,24,17,32,23,Available
1625,20250531,25,17,6,22,Low Stock
1626,20250531,26,17,86,23,Available
1627,20250531,27,17,70,16,Available
1628,20250531,28,17,118,6,Available
1629,20250531,29,17,41,6,Available
1630,20250531,30,17,64,5,Available
1631,20250531,31,17,91,6,Available
1632,20250531,32,17,1,12,Low Stock
1633,20250531,33,17,11,20,Low Stock
1634,20250531,34,17,33,6,Available
1635,20250531,35,17,62,18,Available
1636,20250531,36,17,88,14,Available
1637,20250531,37,17,90,20,Available
1638,20250531,38,17,114,19,Available
1639,20250531,39,17,59,13,Available
1640,20250531,40,17,23,17,Available
1641,20250531,41,17,83,8,Available
1642,20250531,42,17,46,22,Available
1643,20250531,43,17,62,20,Available
1644,20250531,44,17,83,7,Available
1645,20250531,45,17,117,6,Available
1646,20250531,46,17,26,7,Available
1647,20250531,47,17,15,12,Available
1648,20250531,48,17,103,17,Available
1649,20250531,49,17,30,10,Available
1650,20250531,50,17,50,9,Available
1651,20250531,51,17,113,17,Available
1652,20250531,52,17,61,13,Available
1653,20250531,53,17,3,7,Low Stock
1654,20250531,54,17,92,16,Available
1655,20250531,55,17,55,6,Available
1656,20250531,56,17,36,16,Available
1657,20250531,57,17,31,11,Available
1658,20250531,58,17,67,13,Available
1659,20250531,59,17,38,17,Available
1660,20250531,60,17,29,20,Available
1661,20250531,61,17,14,25,Low Stock
1662,20250531,62,17,37,16,Available
1663,20250531,63,17,11,14,Low Stock
1664,20250531,64,17,82,6,Available
1665,20250531,65,17,59,13,Available
1666,20250531,66,17,25,19,Available
1667,20250531,67,17,22,12,Available
1668,20250531,68,17,30,25,Available
1669,20250531,69,17,119,11,Available
1670,20250531,70,17,83,21,Available
1671,20250531,71,17,25,12,Available
1672,20250531,72,17,56,8,Available
1673,20250531,73,17,89,12,Available
1674,20250531,74,17,105,7,Available
1675,20250531,75,17,118,15,Available
1676,20250531,76,17,0,5,Stockout
1677,20250531,77,17,120,13,Available
1678,20250531,78,17,114,24,Available
1679,20250531,79,17,89,22,Available
1680,20250531,80,17,79,12,Available
1681,20250531,81,17,80,16,Available
1682,20250531,82,17,45,12,Available
1683,20250531,83,17,82,25,Available
1684,20250531,84,17,97,24,Available
1685,20250531,85,17,37,20,Available
1686,20250531,86,17,94,14,Available
1687,20250531,87,17,104,6,Available
1688,20250531,88,17,6,11,Low Stock
1689,20250531,89,17,71,20,Available
1690,20250531,90,17,109,23,Available
1691,20250531,91,17,119,6,Available
1692,20250531,92,17,76,21,Available
1693,20250531,93,17,117,20,Available
1694,20250531,94,17,19,6,Available
1695,20250531,95,17,114,5,Available
1696,20250531,96,17,105,19,Available
1697,20250531,97,17,8,24,Low Stock
1698,20250531,98,17,110,24,Available
1699,20250531,99,17,62,10,Available
1700,20250531,100,17,107,25,Available
1701,20250531,1,18,82,23,Available
1702,20250531,2,18,7,11,Low Stock
1703,20250531,3,18,98,5,Available
1704,20250531,4,18,40,16,Available
1705,20250531,5,18,66,22,Available
1706,20250531,6,18,120,16,Available
1707,20250531,7,18,54,23,Available
1708,20250531,8,18,10,12,Low Stock
1709,20250531,9,18,117,14,Available
1710,20250531,10,18,28,8,Available
1711,20250531,11,18,1,14,Low Stock
1712,20250531,12,18,59,18,Available
1713,20250531,13,18,77,5,Available
1714,20250531,14,18,102,12,Available
1715,20250531,15,18,18,21,Low Stock
1716,20250531,16,18,16,7,Available
1717,20250531,17,18,96,6,Available
1718,20250531,18,18,36,24,Available
1719,20250531,19,18,14,18,Low Stock
1720,20250531,20,18,108,19,Available
1721,20250531,21,18,24,11,Available
1722,20250531,22,18,80,23,Available
1723,20250531,23,18,49,10,Available
1724,20250531,24,18,0,6,Stockout
1725,20250531,25,18,77,17,Available
1726,20250531,26,18,93,5,Available
1727,20250531,27,18,4,7,Low Stock
1728,20250531,28,18,113,25,Available
1729,20250531,29,18,2,17,Low Stock
1730,20250531,30,18,75,8,Available
1731,20250531,31,18,7,12,Low Stock
1732,20250531,32,18,0,6,Stockout
1733,20250531,33,18,25,9,Available
1734,20250531,34,18,81,10,Available
1735,20250531,35,18,1,24,Low Stock
1736,20250531,36,18,0,6,Stockout
1737,20250531,37,18,115,22,Available
1738,20250531,38,18,103,11,Available
1739,20250531,39,18,64,5,Available
1740,20250531,40,18,15,21,Low Stock
1741,20250531,41,18,86,8,Available
1742,20250531,42,18,109,7,Available
1743,20250531,43,18,40,18,Available
1744,20250531,44,18,23,9,Available
1745,20250531,45,18,30,13,Available
1746,20250531,46,18,87,23,Available
1747,20250531,47,18,6,8,Low Stock
1748,20250531,48,18,6,7,Low Stock
1749,20250531,49,18,41,9,Available
1750,20250531,50,18,64,24,Available
1751,20250531,51,18,4,10,Low Stock
1752,20250531,52,18,73,7,Available
1753,20250531,53,18,115,9,Available
1754,20250531,54,18,31,25,Available
1755,20250531,55,18,98,19,Available
1756,20250531,56,18,36,15,Available
1757,20250531,57,18,10,13,Low Stock
1758,20250531,58,18,3,11,Low Stock
1759,20250531,59,18,88,8,Available
1760,20250531,60,18,84,21,Available
1761,20250531,61,18,2,11,Low Stock
1762,20250531,62,18,105,17,Available
1763,20250531,63,18,26,25,Available
1764,20250531,64,18,78,21,Available
1765,20250531,65,18,58,19,Available
1766,20250531,66,18,75,10,Available
1767,20250531,67,18,85,22,Available
1768,20250531,68,18,29,24,Available
1769,20250531,69,18,69,14,Available
1770,20250531,70,18,76,23,Available
1771,20250531,71,18,41,19,Available
1772,20250531,72,18,26,6,Available
1773,20250531,73,18,107,24,Available
1774,20250531,74,18,32,24,Available
1775,20250531,75,18,57,25,Available
1776,20250531,76,18,73,20,Available
1777,20250531,77,18,56,24,Available
1778,20250531,78,18,79,15,Available
1779,20250531,79,18,58,14,Available
1780,20250531,80,18,96,8,Available
1781,20250531,81,18,39,25,Available
1782,20250531,82,18,72,13,Available
1783,20250531,83,18,104,23,Available
1784,20250531,84,18,119,21,Available
1785,20250531,85,18,108,10,Available
1786,20250531,86,18,111,15,Available
1787,20250531,87,18,41,25,Available
1788,20250531,88,18,90,14,Available
1789,20250531,89,18,102,14,Available
1790,20250531,90,18,8,25,Low Stock
1791,20250531,91,18,24,5,Available
1792,20250531,92,18,63,14,Available
1793,20250531,93,18,68,23,Available
1794,20250531,94,18,8,11,Low Stock
1795,20250531,95,18,42,11,Available
1796,20250531,96,18,46,15,Available
1797,20250531,97,18,82,17,Available
1798,20250531,98,18,85,9,Available
1799,20250531,99,18,116,18,Available
1800,20250531,100,18,93,16,Available
1801,20250531,1,19,109,9,Available
1802,20250531,2,19,17,24,Low Stock
1803,20250531,3,19,71,12,Available
1804,20250531,4,19,6,7,Low Stock
1805,20250531,5,19,77,16,Available
1806,20250531,6,19,4,8,Low Stock
1807,20250531,7,19,102,7,Available
1808,20250531,8,19,6,8,Low Stock
1809,20250531,9,19,38,7,Available
1810,20250531,10,19,8,10,Low Stock
1811,20250531,11,19,114,22,Available
1812,20250531,12,19,88,15,Available
1813,20250531,13,19,93,17,Available
1814,20250531,14,19,27,25,Available
1815,20250531,15,19,34,19,Available
1816,20250531,16,19,20,16,Available
1817,20250531,17,19,17,24,Low Stock
1818,20250531,18,19,58,25,Available
1819,20250531,19,19,22,5,Available
1820,20250531,20,19,2,12,Low Stock
1821,20250531,21,19,67,17,Available
1822,20250531,22,19,91,9,Available
1823,20250531,23,19,12,11,Available
1824,20250531,24,19,69,21,Available
1825,20250531,25,19,113,10,Available
1826,20250531,26,19,11,12,Low Stock
1827,20250531,27,19,24,14,Available
1828,20250531,28,19,48,19,Available
1829,20250531,29,19,31,21,Available
1830,20250531,30,19,68,13,Available
1831,20250531,31,19,89,14,Available
1832,20250531,32,19,110,17,Available
1833,20250531,33,19,33,8,Available
1834,20250531,34,19,8,11,Low Stock
1835,20250531,35,19,110,20,Available
1836,20250531,36,19,62,22,Available
1837,20250531,37,19,74,6,Available
1838,20250531,38,19,51,20,Available
1839,20250531,39,19,85,23,Available
1840,20250531,40,19,84,9,Available
1841,20250531,41,19,52,10,Available
1842,20250531,42,19,90,19,Available
1843,20250531,43,19,45,22,Available
1844,20250531,44,19,58,14,Available
1845,20250531,45,19,2,5,Low Stock
1846,20250531,46,19,43,5,Available
1847,20250531,47,19,12,24,Low Stock
1848,20250531,48,19,87,20,Available
1849,20250531,49,19,39,13,Available
1850,20250531,50,19,117,25,Available
1851,20250531,51,19,72,24,Available
1852,20250531,52,19,6,9,Low Stock
1853,20250531,53,19,83,11,Available
1854,20250531,54,19,11,12,Low Stock
1855,20250531,55,19,108,25,Available
1856,20250531,56,19,92,16,Available
1857,20250531,57,19,61,10,Available
1858,20250531,58,19,104,19,Available
1859,20250531,59,19,112,8,Available
1860,20250531,60,19,81,14,Available
1861,20250531,61,19,35,20,Available
1862,20250531,62,19,16,8,Available
1863,20250531,63,19,38,8,Available
1864,20250531,64,19,6,16,Low Stock
1865,20250531,65,19,86,14,Available
1866,20250531,66,19,19,8,Available
1867,20250531,67,19,62,23,Available
1868,20250531,68,19,17,20,Low Stock
1869,20250531,69,19,48,7,Available
1870,20250531,70,19,68,24,Available
1871,20250531,71,19,31,21,Available
1872,20250531,72,19,84,16,Available
1873,20250531,73,19,5,10,Low Stock
1874,20250531,74,19,98,20,Available
1875,20250531,75,19,99,13,Available
1876,20250531,76,19,18,8,Available
1877,20250531,77,19,4,5,Low Stock
1878,20250531,78,19,106,22,Available
1879,20250531,79,19,17,20,Low Stock
1880,20250531,80,19,15,20,Low Stock
1881,20250531,81,19,96,12,Available
1882,20250531,82,19,97,9,Available
1883,20250531,83,19,65,16,Available
1884,20250531,84,19,110,23,Available
1885,20250531,85,19,49,9,Available
1886,20250531,86,19,59,17,Available
1887,20250531,87,19,23,13,Available
1888,20250531,88,19,7,23,Low Stock
1889,20250531,89,19,47,7,Available
1890,20250531,90,19,94,25,Available
1891,20250531,91,19,54,5,Available
1892,20250531,92,19,1,9,Low Stock
1893,20250531,93,19,101,5,Available
1894,20250531,94,19,41,12,Available
1895,20250531,95,19,5,8,Low Stock
1896,20250531,96,19,35,24,Available
1897,20250531,97,19,27,16,Available
1898,20250531,98,19,100,6,Available
1899,20250531,99,19,16,24,Low Stock
1900,20250531,100,19,51,14,Available
1901,20250531,1,20,4,13,Low Stock
1902,20250531,2,20,119,19,Available
1903,20250531,3,20,79,19,Available
1904,20250531,4,20,61,8,Available
1905,20250531,5,20,80,16,Available
1906,20250531,6,20,42,17,Available
1907,20250531,7,20,116,16,Available
1908,20250531,8,20,67,12,Available
1909,20250531,9,20,109,15,Available
1910,20250531,10,20,72,21,Available
1911,20250531,11,20,42,19,Available
1912,20250531,12,20,73,15,Available
1913,20250531,13,20,13,17,Low Stock
1914,20250531,14,20,19,17,Available
1915,20250531,15,20,4,16,Low Stock
1916,20250531,16,20,71,6,Available
1917,20250531,17,20,110,16,Available
1918,20250531,18,20,80,17,Available
1919,20250531,19,20,16,8,Available
1920,20250531,20,20,99,13,Available
1921,20250531,21,20,85,13,Available
1922,20250531,22,20,40,14,Available
1923,20250531,23,20,1,17,Low Stock
1924,20250531,24,20,91,7,Available
1925,20250531,25,20,4,5,Low Stock
1926,20250531,26,20,92,25,Available
1927,20250531,27,20,98,8,Available
1928,20250531,28,20,43,25,Available
1929,20250531,29,20,87,23,Available
1930,20250531,30,20,119,12,Available
1931,20250531,31,20,85,24,Available
1932,20250531,32,20,61,9,Available
1933,20250531,33,20,67,8,Available
1934,20250531,34,20,13,19,Low Stock
1935,20250531,35,20,87,21,Available
1936,20250531,36,20,10,19,Low Stock
1937,20250531,37,20,57,18,Available
1938,20250531,38,20,23,7,Available
1939,20250531,39,20,45,24,Available
1940,20250531,40,20,60,17,Available
1941,20250531,41,20,69,7,Available
1942,20250531,42,20,119,11,Available
1943,20250531,43,20,91,19,Available
1944,20250531,44,20,29,12,Available
1945,20250531,45,20,43,20,Available
1946,20250531,46,20,94,16,Available
1947,20250531,47,20,104,20,Available
1948,20250531,48,20,73,7,Available
1949,20250531,49,20,111,15,Available
1950,20250531,50,20,24,25,Low Stock
1951,20250531,51,20,25,11,Available
1952,20250531,52,20,118,20,Available
1953,20250531,53,20,6,22,Low Stock
1954,20250531,54,20,101,7,Available
1955,20250531,55,20,26,11,Available
1956,20250531,56,20,39,15,Available
1957,20250531,57,20,108,17,Available
1958,20250531,58,20,104,23,Available
1959,20250531,59,20,76,19,Available
1960,20250531,60,20,103,14,Available
1961,20250531,61,20,8,13,Low Stock
1962,20250531,62,20,98,20,Available
1963,20250531,63,20,1,10,Low Stock
1964,20250531,64,20,56,15,Available
1965,20250531,65,20,55,20,Available
1966,20250531,66,20,43,16,Available
1967,20250531,67,20,41,15,Available
1968,20250531,68,20,23,17,Available
1969,20250531,69,20,106,18,Available
1970,20250531,70,20,111,23,Available
1971,20250531,71,20,56,22,Available
1972,20250531,72,20,49,20,Available
1973,20250531,73,20,105,10,Available
1974,20250531,74,20,52,21,Available
1975,20250531,75,20,61,7,Available
1976,20250531,76,20,97,19,Available
1977,20250531,77,20,77,24,Available
1978,20250531,78,20,13,16,Low Stock
1979,20250531,79,20,110,6,Available
1980,20250531,80,20,120,6,Available
1981,20250531,81,20,67,11,Available
1982,20250531,82,20,52,20,Available
1983,20250531,83,20,118,8,Available
1984,20250531,84,20,47,22,Available
1985,20250531,85,20,74,8,Available
1986,20250531,86,20,33,6,Available
1987,20250531,87,20,92,13,Available
1988,20250531,88,20,111,15,Available
1989,20250531,89,20,82,20,Available
1990,20250531,90,20,0,9,Stockout
1991,20250531,91,20,55,5,Available
1992,20250531,92,20,30,18,Available
1993,20250531,93,20,81,21,Available
1994,20250531,94,20,112,21,Available
1995,20250531,95,20,91,24,Available
1996,20250531,96,20,78,14,Available
1997,20250531,97,20,113,20,Available
1998,20250531,98,20,18,19,Low Stock
1999,20250531,99,20,13,14,Low Stock
2000,20250531,100,20,9,24,Low Stock
2001,20250531,1,21,72,24,Available
2002,20250531,2,21,91,10,Available
2003,20250531,3,21,18,16,Available
2004,20250531,4,21,119,25,Available
2005,20250531,5,21,94,9,Available
2006,20250531,6,21,83,17,Available
2007,20250531,7,21,99,22,Available
2008,20250531,8,21,2,14,Low Stock
2009,20250531,9,21,113,10,Available
2010,20250531,10,21,31,25,Available
2011,20250531,11,21,4,9,Low Stock
2012,20250531,12,21,103,10,Available
2013,20250531,13,21,30,18,Available
2014,20250531,14,21,3,12,Low Stock
2015,20250531,15,21,99,23,Available
2016,20250531,16,21,49,18,Available
2017,20250531,17,21,97,25,Available
2018,20250531,18,21,76,7,Available
2019,20250531,19,21,21,25,Low Stock
2020,20250531,20,21,29,23,Available
2021,20250531,21,21,81,15,Available
2022,20250531,22,21,14,22,Low Stock
2023,20250531,23,21,75,23,Available
2024,20250531,24,21,90,9,Available
2025,20250531,25,21,49,11,Available
2026,20250531,26,21,52,17,Available
2027,20250531,27,21,102,8,Available
2028,20250531,28,21,45,21,Available
2029,20250531,29,21,119,14,Available
2030,20250531,30,21,114,23,Available
2031,20250531,31,21,34,12,Available
2032,20250531,32,21,72,6,Available
2033,20250531,33,21,1,23,Low Stock
2034,20250531,34,21,1,5,Low Stock
2035,20250531,35,21,46,19,Available
2036,20250531,36,21,44,13,Available
2037,20250531,37,21,21,12,Available
2038,20250531,38,21,4,25,Low Stock
2039,20250531,39,21,40,25,Available
2040,20250531,40,21,15,23,Low Stock
2041,20250531,41,21,68,7,Available
2042,20250531,42,21,104,20,Available
2043,20250531,43,21,32,14,Available
2044,20250531,44,21,19,25,Low Stock
2045,20250531,45,21,25,8,Available
2046,20250531,46,21,8,13,Low Stock
2047,20250531,47,21,26,15,Available
2048,20250531,48,21,108,15,Available
2049,20250531,49,21,13,23,Low Stock
2050,20250531,50,21,4,9,Low Stock
2051,20250531,51,21,62,13,Available
2052,20250531,52,21,113,24,Available
2053,20250531,53,21,36,25,Available
2054,20250531,54,21,5,17,Low Stock
2055,20250531,55,21,22,16,Available
2056,20250531,56,21,103,15,Available
2057,20250531,57,21,16,18,Low Stock
2058,20250531,58,21,76,11,Available
2059,20250531,59,21,31,19,Available
2060,20250531,60,21,3,19,Low Stock
2061,20250531,61,21,47,23,Available
2062,20250531,62,21,36,25,Available
2063,20250531,63,21,105,20,Available
2064,20250531,64,21,0,20,Stockout
2065,20250531,65,21,98,25,Available
2066,20250531,66,21,49,10,Available
2067,20250531,67,21,56,19,Available
2068,20250531,68,21,33,5,Available
2069,20250531,69,21,101,20,Available
2070,20250531,70,21,72,18,Available
2071,20250531,71,21,87,15,Available
2072,20250531,72,21,108,24,Available
2073,20250531,73,21,91,22,Available
2074,20250531,74,21,97,14,Available
2075,20250531,75,21,103,13,Available
2076,20250531,76,21,36,10,Available
2077,20250531,77,21,57,9,Available
2078,20250531,78,21,16,17,Low Stock
2079,20250531,79,21,57,11,Available
2080,20250531,80,21,67,20,Available
2081,20250531,81,21,75,14,Available
2082,20250531,82,21,10,17,Low Stock
2083,20250531,83,21,104,9,Available
2084,20250531,84,21,16,14,Available
2085,20250531,85,21,3,8,Low Stock
2086,20250531,86,21,14,16,Low Stock
2087,20250531,87,21,27,7,Available
2088,20250531,88,21,44,14,Available
2089,20250531,89,21,89,16,Available
2090,20250531,90,21,109,15,Available
2091,20250531,91,21,31,19,Available
2092,20250531,92,21,107,23,Available
2093,20250531,93,21,36,18,Available
2094,20250531,94,21,69,13,Available
2095,20250531,95,21,30,11,Available
2096,20250531,96,21,82,21,Available
2097,20250531,97,21,24,6,Available
2098,20250531,98,21,107,21,Available
2099,20250531,99,21,93,13,Available
2100,20250531,100,21,99,23,Available
2101,20250531,1,22,94,17,Available
2102,20250531,2,22,103,25,Available
2103,20250531,3,22,37,12,Available
2104,20250531,4,22,75,21,Available
2105,20250531,5,22,103,11,Available
2106,20250531,6,22,18,21,Low Stock
2107,20250531,7,22,78,21,Available
2108,20250531,8,22,31,18,Available
2109,20250531,9,22,40,17,Available
2110,20250531,10,22,16,12,Available
2111,20250531,11,22,115,25,Available
2112,20250531,12,22,81,12,Available
2113,20250531,13,22,92,12,Available
2114,20250531,14,22,56,8,Available
2115,20250531,15,22,9,13,Low Stock
2116,20250531,16,22,3,11,Low Stock
2117,20250531,17,22,23,24,Low Stock
2118,20250531,18,22,36,17,Available
2119,20250531,19,22,93,9,Available
2120,20250531,20,22,21,10,Available
2121,20250531,21,22,75,19,Available
2122,20250531,22,22,71,19,Available
2123,20250531,23,22,89,12,Available
2124,20250531,24,22,2,22,Low Stock
2125,20250531,25,22,81,25,Available
2126,20250531,26,22,118,18,Available
2127,20250531,27,22,7,23,Low Stock
2128,20250531,28,22,7,11,Low Stock
2129,20250531,29,22,5,18,Low Stock
2130,20250531,30,22,98,8,Available
2131,20250531,31,22,80,9,Available
2132,20250531,32,22,69,20,Available
2133,20250531,33,22,56,21,Available
2134,20250531,34,22,104,8,Available
2135,20250531,35,22,85,11,Available
2136,20250531,36,22,63,17,Available
2137,20250531,37,22,69,10,Available
2138,20250531,38,22,81,11,Available
2139,20250531,39,22,93,9,Available
2140,20250531,40,22,16,15,Available
2141,20250531,41,22,112,22,Available
2142,20250531,42,22,94,12,Available
2143,20250531,43,22,19,16,Available
2144,20250531,44,22,77,23,Available
2145,20250531,45,22,112,23,Available
2146,20250531,46,22,10,25,Low Stock
2147,20250531,47,22,49,15,Available
2148,20250531,48,22,110,14,Available
2149,20250531,49,22,104,12,Available
2150,20250531,50,22,44,16,Available
2151,20250531,51,22,63,15,Available
2152,20250531,52,22,18,24,Low Stock
2153,20250531,53,22,69,6,Available
2154,20250531,54,22,104,23,Available
2155,20250531,55,22,2,9,Low Stock
2156,20250531,56,22,66,18,Available
2157,20250531,57,22,48,7,Available
2158,20250531,58,22,0,12,Stockout
2159,20250531,59,22,63,5,Available
2160,20250531,60,22,113,6,Available
2161,20250531,61,22,112,24,Available
2162,20250531,62,22,91,23,Available
2163,20250531,63,22,47,15,Available
2164,20250531,64,22,105,22,Available
2165,20250531,65,22,60,5,Available
2166,20250531,66,22,104,7,Available
2167,20250531,67,22,49,6,Available
2168,20250531,68,22,57,6,Available
2169,20250531,69,22,34,24,Available
2170,20250531,70,22,88,16,Available
2171,20250531,71,22,43,23,Available
2172,20250531,72,22,53,13,Available
2173,20250531,73,22,41,18,Available
2174,20250531,74,22,47,9,Available
2175,20250531,75,22,61,22,Available
2176,20250531,76,22,86,7,Available
2177,20250531,77,22,70,23,Available
2178,20250531,78,22,91,19,Available
2179,20250531,79,22,41,11,Available
2180,20250531,80,22,89,15,Available
2181,20250531,81,22,7,6,Available
2182,20250531,82,22,11,18,Low Stock
2183,20250531,83,22,70,18,Available
2184,20250531,84,22,42,25,Available
2185,20250531,85,22,25,20,Available
2186,20250531,86,22,20,21,Low Stock
2187,20250531,87,22,98,11,Available
2188,20250531,88,22,7,24,Low Stock
2189,20250531,89,22,29,13,Available
2190,20250531,90,22,98,21,Available
2191,20250531,91,22,40,23,Available
2192,20250531,92,22,111,12,Available
2193,20250531,93,22,29,22,Available
2194,20250531,94,22,4,7,Low Stock
2195,20250531,95,22,88,17,Available
2196,20250531,96,22,27,8,Available
2197,20250531,97,22,95,6,Available
2198,20250531,98,22,57,16,Available
2199,20250531,99,22,92,22,Available
2200,20250531,100,22,89,13,Available
2201,20250531,1,23,67,22,Available
2202,20250531,2,23,98,19,Available
2203,20250531,3,23,107,20,Available
2204,20250531,4,23,71,13,Available
2205,20250531,5,23,63,20,Available
2206,20250531,6,23,12,9,Available
2207,20250531,7,23,56,6,Available
2208,20250531,8,23,62,23,Available
2209,20250531,9,23,3,17,Low Stock
2210,20250531,10,23,115,8,Available
2211,20250531,11,23,18,12,Available
2212,20250531,12,23,73,25,Available
2213,20250531,13,23,9,6,Available
2214,20250531,14,23,89,24,Available
2215,20250531,15,23,114,25,Available
2216,20250531,16,23,83,15,Available
2217,20250531,17,23,84,11,Available
2218,20250531,18,23,24,12,Available
2219,20250531,19,23,48,14,Available
2220,20250531,20,23,99,9,Available
2221,20250531,21,23,97,9,Available
2222,20250531,22,23,25,23,Available
2223,20250531,23,23,63,5,Available
2224,20250531,24,23,22,13,Available
2225,20250531,25,23,46,14,Available
2226,20250531,26,23,2,12,Low Stock
2227,20250531,27,23,18,25,Low Stock
2228,20250531,28,23,13,25,Low Stock
2229,20250531,29,23,44,20,Available
2230,20250531,30,23,50,22,Available
2231,20250531,31,23,90,12,Available
2232,20250531,32,23,34,22,Available
2233,20250531,33,23,47,16,Available
2234,20250531,34,23,44,5,Available
2235,20250531,35,23,76,11,Available
2236,20250531,36,23,71,25,Available
2237,20250531,37,23,69,17,Available
2238,20250531,38,23,90,6,Available
2239,20250531,39,23,1,22,Low Stock
2240,20250531,40,23,105,16,Available
2241,20250531,41,23,63,22,Available
2242,20250531,42,23,27,16,Available
2243,20250531,43,23,100,13,Available
2244,20250531,44,23,7,15,Low Stock
2245,20250531,45,23,86,25,Available
2246,20250531,46,23,105,13,Available
2247,20250531,47,23,80,14,Available
2248,20250531,48,23,93,8,Available
2249,20250531,49,23,62,25,Available
2250,20250531,50,23,94,18,Available
2251,20250531,51,23,29,15,Available
2252,20250531,52,23,117,6,Available
2253,20250531,53,23,34,16,Available
2254,20250531,54,23,85,17,Available
2255,20250531,55,23,114,14,Available
2256,20250531,56,23,114,15,Available
2257,20250531,57,23,80,17,Available
2258,20250531,58,23,75,20,Available
2259,20250531,59,23,103,24,Available
2260,20250531,60,23,45,10,Available
2261,20250531,61,23,111,9,Available
2262,20250531,62,23,41,18,Available
2263,20250531,63,23,52,13,Available
2264,20250531,64,23,20,8,Available
2265,20250531,65,23,76,10,Available
2266,20250531,66,23,79,11,Available
2267,20250531,67,23,6,16,Low Stock
2268,20250531,68,23,96,16,Available
2269,20250531,69,23,5,11,Low Stock
2270,20250531,70,23,7,8,Low Stock
2271,20250531,71,23,81,21,Available
2272,20250531,72,23,120,14,Available
2273,20250531,73,23,32,11,Available
2274,20250531,74,23,115,12,Available
2275,20250531,75,23,29,20,Available
2276,20250531,76,23,38,18,Available
2277,20250531,77,23,101,16,Available
2278,20250531,78,23,10,13,Low Stock
2279,20250531,79,23,65,25,Available
2280,20250531,80,23,21,20,Available
2281,20250531,81,23,7,14,Low Stock
2282,20250531,82,23,97,19,Available
2283,20250531,83,23,20,23,Low Stock
2284,20250531,84,23,72,20,Available
2285,20250531,85,23,93,20,Available
2286,20250531,86,23,21,6,Available
2287,20250531,87,23,49,12,Available
2288,20250531,88,23,26,15,Available
2289,20250531,89,23,57,24,Available
2290,20250531,90,23,4,7,Low Stock
2291,20250531,91,23,24,8,Available
2292,20250531,92,23,57,18,Available
2293,20250531,93,23,59,5,Available
2294,20250531,94,23,5,7,Low Stock
2295,20250531,95,23,73,25,Available
2296,20250531,96,23,47,8,Available
2297,20250531,97,23,100,12,Available
2298,20250531,98,23,22,10,Available
2299,20250531,99,23,52,17,Available
2300,20250531,100,23,95,8,Available
2301,20250531,1,24,119,7,Available
2302,20250531,2,24,65,11,Available
2303,20250531,3,24,21,21,Available
2304,20250531,4,24,1,7,Low Stock
2305,20250531,5,24,16,20,Low Stock
2306,20250531,6,24,19,5,Available
2307,20250531,7,24,104,20,Available
2308,20250531,8,24,55,16,Available
2309,20250531,9,24,82,8,Available
2310,20250531,10,24,66,25,Available
2311,20250531,11,24,73,11,Available
2312,20250531,12,24,1,17,Low Stock
2313,20250531,13,24,13,17,Low Stock
2314,20250531,14,24,89,21,Available
2315,20250531,15,24,29,21,Available
2316,20250531,16,24,9,22,Low Stock
2317,20250531,17,24,44,19,Available
2318,20250531,18,24,4,5,Low Stock
2319,20250531,19,24,97,5,Available
2320,20250531,20,24,4,13,Low Stock
2321,20250531,21,24,53,5,Available
2322,20250531,22,24,104,13,Available
2323,20250531,23,24,30,24,Available
2324,20250531,24,24,50,21,Available
2325,20250531,25,24,68,5,Available
2326,20250531,26,24,108,17,Available
2327,20250531,27,24,40,19,Available
2328,20250531,28,24,74,20,Available
2329,20250531,29,24,48,15,Available
2330,20250531,30,24,14,9,Available
2331,20250531,31,24,65,6,Available
2332,20250531,32,24,5,11,Low Stock
2333,20250531,33,24,51,18,Available
2334,20250531,34,24,116,6,Available
2335,20250531,35,24,47,23,Available
2336,20250531,36,24,40,16,Available
2337,20250531,37,24,13,16,Low Stock
2338,20250531,38,24,54,6,Available
2339,20250531,39,24,76,5,Available
2340,20250531,40,24,78,19,Available
2341,20250531,41,24,16,5,Available
2342,20250531,42,24,61,12,Available
2343,20250531,43,24,85,7,Available
2344,20250531,44,24,57,11,Available
2345,20250531,45,24,5,6,Low Stock
2346,20250531,46,24,38,16,Available
2347,20250531,47,24,22,6,Available
2348,20250531,48,24,109,25,Available
2349,20250531,49,24,44,11,Available
2350,20250531,50,24,87,19,Available
2351,20250531,51,24,88,15,Available
2352,20250531,52,24,18,22,Low Stock
2353,20250531,53,24,68,7,Available
2354,20250531,54,24,42,20,Available
2355,20250531,55,24,82,24,Available
2356,20250531,56,24,10,16,Low Stock
2357,20250531,57,24,106,21,Available
2358,20250531,58,24,86,18,Available
2359,20250531,59,24,74,20,Available
2360,20250531,60,24,1,19,Low Stock
2361,20250531,61,24,0,5,Stockout
2362,20250531,62,24,35,7,Available
2363,20250531,63,24,66,21,Available
2364,20250531,64,24,112,25,Available
2365,20250531,65,24,48,10,Available
2366,20250531,66,24,63,21,Available
2367,20250531,67,24,115,15,Available
2368,20250531,68,24,90,23,Available
2369,20250531,69,24,66,12,Available
2370,20250531,70,24,8,11,Low Stock
2371,20250531,71,24,120,9,Available
2372,20250531,72,24,115,6,Available
2373,20250531,73,24,46,15,Available
2374,20250531,74,24,23,15,Available
2375,20250531,75,24,107,20,Available
2376,20250531,76,24,19,17,Available
2377,20250531,77,24,110,18,Available
2378,20250531,78,24,117,23,Available
2379,20250531,79,24,26,13,Available
2380,20250531,80,24,73,20,Available
2381,20250531,81,24,10,5,Available
2382,20250531,82,24,109,7,Available
2383,20250531,83,24,27,5,Available
2384,20250531,84,24,83,9,Available
2385,20250531,85,24,3,16,Low Stock
2386,20250531,86,24,16,18,Low Stock
2387,20250531,87,24,54,9,Available
2388,20250531,88,24,24,8,Available
2389,20250531,89,24,7,18,Low Stock
2390,20250531,90,24,46,9,Available
2391,20250531,91,24,24,11,Available
2392,20250531,92,24,2,6,Low Stock
2393,20250531,93,24,86,24,Available
2394,20250531,94,24,89,19,Available
2395,20250531,95,24,0,6,Stockout
2396,20250531,96,24,3,16,Low Stock
2397,20250531,97,24,45,22,Available
2398,20250531,98,24,34,10,Available
2399,20250531,99,24,91,13,Available
2400,20250531,100,24,102,11,Available
2401,20250531,1,25,22,23,Low Stock
2402,20250531,2,25,25,15,Available
2403,20250531,3,25,37,12,Available
2404,20250531,4,25,45,8,Available
2405,20250531,5,25,80,9,Available
2406,20250531,6,25,98,18,Available
2407,20250531,7,25,52,10,Available
2408,20250531,8,25,4,5,Low Stock
2409,20250531,9,25,92,24,Available
2410,20250531,10,25,100,24,Available
2411,20250531,11,25,94,5,Available
2412,20250531,12,25,70,20,Available
2413,20250531,13,25,51,24,Available
2414,20250531,14,25,88,8,Available
2415,20250531,15,25,80,22,Available
2416,20250531,16,25,38,8,Available
2417,20250531,17,25,96,7,Available
2418,20250531,18,25,1,6,Low Stock
2419,20250531,19,25,78,15,Available
2420,20250531,20,25,112,15,Available
2421,20250531,21,25,37,11,Available
2422,20250531,22,25,2,11,Low Stock
2423,20250531,23,25,98,21,Available
2424,20250531,24,25,73,18,Available
2425,20250531,25,25,91,22,Available
2426,20250531,26,25,3,13,Low Stock
2427,20250531,27,25,17,10,Available
2428,20250531,28,25,11,17,Low Stock
2429,20250531,29,25,83,24,Available
2430,20250531,30,25,117,24,Available
2431,20250531,31,25,11,14,Low Stock
2432,20250531,32,25,71,15,Available
2433,20250531,33,25,1,6,Low Stock
2434,20250531,34,25,51,9,Available
2435,20250531,35,25,86,6,Available
2436,20250531,36,25,93,23,Available
2437,20250531,37,25,61,19,Available
2438,20250531,38,25,46,14,Available
2439,20250531,39,25,44,11,Available
2440,20250531,40,25,2,15,Low Stock
2441,20250531,41,25,21,16,Available
2442,20250531,42,25,25,25,Available
2443,20250531,43,25,3,21,Low Stock
2444,20250531,44,25,96,13,Available
2445,20250531,45,25,38,24,Available
2446,20250531,46,25,27,14,Available
2447,20250531,47,25,87,16,Available
2448,20250531,48,25,37,7,Available
2449,20250531,49,25,8,20,Low Stock
2450,20250531,50,25,75,24,Available
2451,20250531,51,25,27,18,Available
2452,20250531,52,25,48,10,Available
2453,20250531,53,25,49,15,Available
2454,20250531,54,25,59,23,Available
2455,20250531,55,25,23,24,Low Stock
2456,20250531,56,25,2,14,Low Stock
2457,20250531,57,25,43,7,Available
2458,20250531,58,25,60,13,Available
2459,20250531,59,25,112,23,Available
2460,20250531,60,25,100,17,Available
2461,20250531,61,25,82,25,Available
2462,20250531,62,25,16,18,Low Stock
2463,20250531,63,25,1,8,Low Stock
2464,20250531,64,25,32,17,Available
2465,20250531,65,25,15,10,Available
2466,20250531,66,25,0,20,Stockout
2467,20250531,67,25,18,19,Low Stock
2468,20250531,68,25,63,18,Available
2469,20250531,69,25,5,8,Low Stock
2470,20250531,70,25,103,20,Available
2471,20250531,71,25,7,8,Low Stock
2472,20250531,72,25,46,16,Available
2473,20250531,73,25,88,20,Available
2474,20250531,74,25,44,14,Available
2475,20250531,75,25,90,20,Available
2476,20250531,76,25,6,16,Low Stock
2477,20250531,77,25,0,9,Stockout
2478,20250531,78,25,3,12,Low Stock
2479,20250531,79,25,54,11,Available
2480,20250531,80,25,57,23,Available
2481,20250531,81,25,37,13,Available
2482,20250531,82,25,24,12,Available
2483,20250531,83,25,88,24,Available
2484,20250531,84,25,110,14,Available
2485,20250531,85,25,32,14,Available
2486,20250531,86,25,29,18,Available
2487,20250531,87,25,86,11,Available
2488,20250531,88,25,50,24,Available
2489,20250531,89,25,113,25,Available
2490,20250531,90,25,57,12,Available
2491,20250531,91,25,50,25,Available
2492,20250531,92,25,13,17,Low Stock
2493,20250531,93,25,70,17,Available
2494,20250531,94,25,21,11,Available
2495,20250531,95,25,35,14,Available
2496,20250531,96,25,4,25,Low Stock
2497,20250531,97,25,42,15,Available
2498,20250531,98,25,113,21,Available
2499,20250531,99,25,102,24,Available
2500,20250531,100,25,65,13,Available
