payment_id,payment_method,payment_status,payment_provider,paid_amount
PAY-00001,QRIS,Paid,Mastercard,10518150.0
PAY-00002,Credit Card,Paid,OVO,6997080.0
PAY-00003,Debit Card,Paid,OVO,41497000.0
PAY-00004,E-Wallet,Refunded,Visa,16721200.0
PAY-00005,E-Wallet,Paid,Visa,11876360.0
PAY-00006,E-Wallet,Paid,ShopeePay,66595160.0
PAY-00007,Bank Transfer,Paid,BCA,649000.0
PAY-00008,QRIS,Failed,BRI,20973050.0
PAY-00009,Credit Card,Paid,BNI,41879350.0
PAY-00010,Bank Transfer,Paid,Erajaya POS,9998000.0
PAY-00011,Bank Transfer,Paid,Visa,29646050.0
PAY-00012,QRIS,Paid,BCA,33097160.0
PAY-00013,QRIS,Paid,ShopeePay,22798000.0
PAY-00014,Credit Card,Paid,Erajaya POS,58996000.0
PAY-00015,Bank Transfer,Paid,Mandiri,3799050.0
PAY-00016,Debit Card,Paid,OVO,25012160.0
PAY-00017,Bank Transfer,Paid,ShopeePay,24531150.0
PAY-00018,QRIS,Paid,Mandiri,17678080.0
PAY-00019,E-Wallet,Paid,ShopeePay,20078120.0
PAY-00020,Credit Card,Paid,ShopeePay,13924240.0
PAY-00021,E-Wallet,Paid,ShopeePay,52175360.0
PAY-00022,Credit Card,Paid,Visa,4797000.0
PAY-00023,Credit Card,Paid,ShopeePay,5675160.0
PAY-00024,E-Wallet,Pending,Mastercard,17778000.0
PAY-00025,Cash,Failed,GoPay,4998000.0
PAY-00026,Bank Transfer,Paid,GoPay,60096000.0
PAY-00027,Debit Card,Paid,Erajaya POS,4499000.0
PAY-00028,QRIS,Paid,ShopeePay,60077000.0
PAY-00029,Credit Card,Paid,Erajaya POS,19798000.0
PAY-00030,Debit Card,Paid,ShopeePay,19148150.0
PAY-00031,QRIS,Paid,BNI,13773130.0
PAY-00032,E-Wallet,Paid,BRI,10998000.0
PAY-00033,Debit Card,Paid,Mandiri,52095000.0
PAY-00034,E-Wallet,Paid,OVO,22496000.0
PAY-00035,Credit Card,Paid,BRI,14640700.0
PAY-00036,Credit Card,Paid,GoPay,23999090.0
PAY-00037,E-Wallet,Paid,BCA,19798200.0
PAY-00038,Credit Card,Paid,Visa,17576260.0
PAY-00039,Cash,Paid,Erajaya POS,32421030.0
PAY-00040,Cash,Paid,GoPay,58322230.0
PAY-00041,Credit Card,Paid,Visa,10798000.0
PAY-00042,E-Wallet,Paid,Mastercard,44575120.0
PAY-00043,E-Wallet,Paid,Mandiri,351120.0
PAY-00044,Credit Card,Paid,BNI,11277050.0
PAY-00045,Credit Card,Paid,BNI,14298000.0
PAY-00046,Bank Transfer,Paid,Erajaya POS,21325060.0
PAY-00047,QRIS,Paid,Mandiri,52123480.0
PAY-00048,Credit Card,Paid,BRI,19488030.0
PAY-00049,Bank Transfer,Paid,Erajaya POS,15532150.0
PAY-00050,Credit Card,Paid,ShopeePay,33590170.0
PAY-00051,Credit Card,Paid,BNI,17062100.0
PAY-00052,Credit Card,Failed,BCA,2999000.0
PAY-00053,Credit Card,Paid,ShopeePay,37906130.0
PAY-00054,Credit Card,Paid,Mandiri,11898000.0
PAY-00055,Debit Card,Failed,GoPay,2499000.0
PAY-00056,E-Wallet,Paid,Mastercard,24245100.0
PAY-00057,Debit Card,Paid,ShopeePay,33496000.0
PAY-00058,E-Wallet,Paid,GoPay,17997000.0
PAY-00059,Debit Card,Paid,GoPay,48572180.0
PAY-00060,Credit Card,Paid,BNI,22588900.0
PAY-00061,Debit Card,Paid,Mandiri,9809260.0
PAY-00062,Bank Transfer,Paid,GoPay,8494080.0
PAY-00063,Cash,Paid,ShopeePay,23148050.0
PAY-00064,Debit Card,Paid,BCA,5699050.0
PAY-00065,Debit Card,Paid,Mandiri,12997000.0
PAY-00066,Bank Transfer,Paid,BRI,18295200.0
PAY-00067,Debit Card,Paid,OVO,78923210.0
PAY-00068,Debit Card,Paid,Mandiri,6499000.0
PAY-00069,Bank Transfer,Paid,ShopeePay,21247000.0
PAY-00070,Cash,Paid,OVO,6427120.0
PAY-00071,Credit Card,Refunded,BRI,3299000.0
PAY-00072,E-Wallet,Paid,GoPay,19757030.0
PAY-00073,Debit Card,Paid,BNI,12998000.0
PAY-00074,Credit Card,Paid,Mastercard,20679120.0
PAY-00075,Credit Card,Paid,ShopeePay,28495100.0
PAY-00076,QRIS,Paid,ShopeePay,1899050.0
PAY-00077,Debit Card,Paid,Erajaya POS,16697000.0
PAY-00078,Debit Card,Paid,Mandiri,6534080.0
PAY-00079,Cash,Paid,Erajaya POS,50560820.0
PAY-00080,E-Wallet,Paid,OVO,22157000.0
PAY-00081,E-Wallet,Paid,Erajaya POS,6648000.0
PAY-00082,E-Wallet,Paid,Mandiri,1999000.0
PAY-00083,QRIS,Paid,ShopeePay,16272050.0
PAY-00084,Bank Transfer,Paid,GoPay,41398200.0
PAY-00085,QRIS,Paid,ShopeePay,31998000.0
PAY-00086,QRIS,Paid,Visa,37597060.0
PAY-00087,Debit Card,Paid,Mastercard,67575240.0
PAY-00088,QRIS,Paid,ShopeePay,33195100.0
PAY-00089,Debit Card,Paid,BNI,27996000.0
PAY-00090,E-Wallet,Failed,GoPay,10798050.0
PAY-00091,QRIS,Paid,Mastercard,34792000.0
PAY-00092,QRIS,Paid,Erajaya POS,36496000.0
PAY-00093,QRIS,Pending,BCA,52497000.0
PAY-00094,E-Wallet,Paid,Mastercard,14498050.0
PAY-00095,Bank Transfer,Paid,Erajaya POS,20938800.0
PAY-00096,Bank Transfer,Paid,ShopeePay,24499000.0
PAY-00097,Debit Card,Paid,BNI,7998000.0
PAY-00098,QRIS,Paid,BRI,15478340.0
PAY-00099,QRIS,Paid,Visa,32497000.0
PAY-00100,E-Wallet,Paid,ShopeePay,37650080.0
PAY-00101,E-Wallet,Pending,Erajaya POS,82135060.0
PAY-00102,Credit Card,Paid,Mandiri,35777580.0
PAY-00103,Cash,Pending,GoPay,5498000.0
PAY-00104,QRIS,Paid,ShopeePay,6499000.0
PAY-00105,Cash,Paid,BNI,5224050.0
PAY-00106,Cash,Paid,BNI,38528160.0
PAY-00107,Credit Card,Paid,GoPay,13297000.0
PAY-00108,Cash,Paid,BRI,35897130.0
PAY-00109,Debit Card,Paid,Visa,22361160.0
PAY-00110,QRIS,Paid,BRI,5219100.0
PAY-00111,Debit Card,Paid,ShopeePay,30496000.0
PAY-00112,E-Wallet,Paid,Mandiri,8420120.0
PAY-00113,Cash,Paid,ShopeePay,584100.0
PAY-00114,QRIS,Paid,Erajaya POS,7998000.0
PAY-00115,Bank Transfer,Failed,ShopeePay,11648050.0
PAY-00116,E-Wallet,Refunded,BRI,12499000.0
PAY-00117,Debit Card,Paid,Erajaya POS,81795000.0
PAY-00118,E-Wallet,Paid,BNI,41996000.0
PAY-00119,Credit Card,Paid,Erajaya POS,7999000.0
PAY-00120,QRIS,Paid,BCA,48037160.0
PAY-00121,Credit Card,Paid,Erajaya POS,17863030.0
PAY-00122,Debit Card,Paid,Erajaya POS,20999000.0
PAY-00123,QRIS,Refunded,OVO,42256060.0
PAY-00124,E-Wallet,Paid,Mandiri,27174380.0
PAY-00125,Credit Card,Paid,Visa,26510400.0
PAY-00126,E-Wallet,Paid,BCA,7499000.0
PAY-00127,E-Wallet,Paid,OVO,30443030.0
PAY-00128,Cash,Paid,OVO,32648100.0
PAY-00129,Cash,Paid,BNI,37580240.0
PAY-00130,QRIS,Paid,BNI,32291030.0
PAY-00131,Credit Card,Paid,BNI,18279450.0
PAY-00132,E-Wallet,Paid,Mandiri,7498000.0
PAY-00133,Credit Card,Paid,Mastercard,25797000.0
PAY-00134,Credit Card,Paid,Visa,43997000.0
PAY-00135,Debit Card,Paid,BCA,20531240.0
PAY-00136,E-Wallet,Paid,BCA,3079000.0
PAY-00137,Credit Card,Paid,Erajaya POS,2298160.0
PAY-00138,Bank Transfer,Pending,OVO,25502130.0
PAY-00139,Bank Transfer,Paid,Erajaya POS,9477050.0
PAY-00140,Bank Transfer,Paid,GoPay,59746100.0
PAY-00141,Debit Card,Paid,OVO,18998000.0
PAY-00142,Cash,Paid,BRI,13884580.0
PAY-00143,Credit Card,Paid,Erajaya POS,19597000.0
PAY-00144,Cash,Paid,Erajaya POS,18386100.0
PAY-00145,Cash,Paid,OVO,7583050.0
PAY-00146,Debit Card,Paid,BNI,20999000.0
PAY-00147,E-Wallet,Failed,BRI,32197000.0
PAY-00148,QRIS,Paid,Mandiri,27451180.0
PAY-00149,Credit Card,Paid,Erajaya POS,10298000.0
PAY-00150,Debit Card,Paid,Mandiri,18298000.0
PAY-00151,Debit Card,Paid,BCA,17022050.0
PAY-00152,Bank Transfer,Paid,BNI,10978080.0
PAY-00153,Bank Transfer,Paid,GoPay,24996000.0
PAY-00154,Bank Transfer,Paid,BCA,6998000.0
PAY-00155,QRIS,Paid,BRI,21698000.0
PAY-00156,Bank Transfer,Paid,GoPay,80366030.0
PAY-00157,Credit Card,Paid,BRI,53935080.0
PAY-00158,Bank Transfer,Paid,ShopeePay,29218080.0
PAY-00159,QRIS,Paid,BRI,21045150.0
PAY-00160,E-Wallet,Paid,OVO,13797000.0
PAY-00161,Credit Card,Paid,BNI,22797000.0
PAY-00162,Cash,Paid,Mandiri,8008050.0
PAY-00163,QRIS,Paid,Visa,33847150.0
PAY-00164,QRIS,Paid,Visa,21498000.0
PAY-00165,Credit Card,Paid,BNI,7898000.0
PAY-00166,Cash,Paid,Mandiri,14998000.0
PAY-00167,Cash,Paid,ShopeePay,6164360.0
PAY-00168,QRIS,Paid,Mandiri,48496150.0
PAY-00169,Credit Card,Paid,ShopeePay,17997000.0
PAY-00170,Debit Card,Paid,Erajaya POS,23598120.0
PAY-00171,Debit Card,Paid,ShopeePay,16348030.0
PAY-00172,Bank Transfer,Paid,Visa,19378080.0
PAY-00173,Bank Transfer,Paid,OVO,36996100.0
PAY-00174,QRIS,Pending,Mastercard,32056240.0
PAY-00175,Bank Transfer,Paid,BCA,5979080.0
PAY-00176,Bank Transfer,Pending,Erajaya POS,44596080.0
PAY-00177,QRIS,Paid,OVO,12397000.0
PAY-00178,Debit Card,Paid,Mastercard,20076060.0
PAY-00179,Credit Card,Paid,Erajaya POS,20576000.0
PAY-00180,Credit Card,Paid,BNI,101994050.0
PAY-00181,Credit Card,Paid,GoPay,6977160.0
PAY-00182,Credit Card,Paid,BNI,2799000.0
PAY-00183,Cash,Paid,Erajaya POS,13867100.0
PAY-00184,Debit Card,Paid,Erajaya POS,36497000.0
PAY-00185,Credit Card,Paid,GoPay,17998000.0
PAY-00186,QRIS,Paid,ShopeePay,25478080.0
PAY-00187,Credit Card,Paid,ShopeePay,8127150.0
PAY-00188,QRIS,Paid,Erajaya POS,13299050.0
PAY-00189,QRIS,Paid,Mastercard,15999000.0
PAY-00190,E-Wallet,Paid,GoPay,32945050.0
PAY-00191,Debit Card,Paid,BRI,10277080.0
PAY-00192,Debit Card,Paid,OVO,16753030.0
PAY-00193,Debit Card,Paid,Mastercard,11249100.0
PAY-00194,Bank Transfer,Paid,Mastercard,33997000.0
PAY-00195,Credit Card,Paid,BCA,29996000.0
PAY-00196,Debit Card,Paid,Visa,31647100.0
PAY-00197,E-Wallet,Paid,BCA,12349050.0
PAY-00198,Debit Card,Refunded,BRI,37461050.0
PAY-00199,Credit Card,Paid,Mastercard,7998000.0
PAY-00200,Bank Transfer,Paid,BRI,11897000.0
PAY-00201,Debit Card,Paid,BRI,4587450.0
PAY-00202,Bank Transfer,Paid,OVO,35205030.0
PAY-00203,Bank Transfer,Paid,BCA,14048200.0
PAY-00204,Debit Card,Paid,BNI,12499000.0
PAY-00205,E-Wallet,Paid,OVO,18830680.0
PAY-00206,E-Wallet,Pending,ShopeePay,7698000.0
PAY-00207,Debit Card,Paid,Mandiri,6098000.0
PAY-00208,QRIS,Paid,GoPay,20997000.0
PAY-00209,E-Wallet,Paid,Mandiri,8677000.0
PAY-00210,QRIS,Paid,ShopeePay,45682080.0
PAY-00211,Debit Card,Paid,GoPay,14858210.0
PAY-00212,Bank Transfer,Paid,BNI,5999000.0
PAY-00213,Bank Transfer,Paid,ShopeePay,6438160.0
PAY-00214,E-Wallet,Paid,Visa,30167160.0
PAY-00215,Bank Transfer,Paid,BCA,23396000.0
PAY-00216,Credit Card,Pending,BCA,3897000.0
PAY-00217,QRIS,Paid,OVO,68695300.0
PAY-00218,Credit Card,Paid,Mandiri,114544200.0
PAY-00219,QRIS,Paid,Erajaya POS,47997000.0
PAY-00220,Cash,Paid,Visa,27697220.0
PAY-00221,Credit Card,Refunded,Mastercard,14898000.0
PAY-00222,Bank Transfer,Paid,Mandiri,68995000.0
PAY-00223,E-Wallet,Paid,Mandiri,12997000.0
PAY-00224,QRIS,Paid,Mandiri,46769150.0
PAY-00225,E-Wallet,Pending,OVO,20136060.0
PAY-00226,Bank Transfer,Paid,BCA,4438800.0
PAY-00227,Bank Transfer,Paid,BRI,5279120.0
PAY-00228,QRIS,Paid,OVO,50155240.0
PAY-00229,QRIS,Paid,Mastercard,11556030.0
PAY-00230,Cash,Paid,BCA,26642180.0
PAY-00231,Debit Card,Paid,Mastercard,45095050.0
PAY-00232,Credit Card,Paid,Erajaya POS,12348100.0
PAY-00233,Bank Transfer,Paid,Erajaya POS,17063050.0
PAY-00234,E-Wallet,Paid,Mandiri,17997000.0
PAY-00235,E-Wallet,Paid,ShopeePay,34998000.0
PAY-00236,E-Wallet,Paid,Mastercard,15999000.0
PAY-00237,Credit Card,Paid,BNI,7898000.0
PAY-00238,QRIS,Paid,BRI,6642080.0
PAY-00239,QRIS,Paid,Mastercard,29117180.0
PAY-00240,Credit Card,Paid,GoPay,14577080.0
PAY-00241,Credit Card,Paid,OVO,5599000.0
PAY-00242,Debit Card,Refunded,Mastercard,18236300.0
PAY-00243,E-Wallet,Paid,BNI,17448050.0
PAY-00244,E-Wallet,Paid,BNI,4999000.0
PAY-00245,Debit Card,Paid,Erajaya POS,9598000.0
PAY-00246,Bank Transfer,Paid,OVO,28042140.0
PAY-00247,Debit Card,Paid,BNI,8634080.0
PAY-00248,E-Wallet,Paid,BRI,67095000.0
PAY-00249,Debit Card,Paid,Mastercard,29497000.0
PAY-00250,Cash,Paid,BNI,26876160.0
PAY-00251,Debit Card,Paid,ShopeePay,17158120.0
PAY-00252,Credit Card,Paid,OVO,7763050.0
PAY-00253,QRIS,Paid,BNI,2499000.0
PAY-00254,Credit Card,Paid,BRI,96732600.0
PAY-00255,Credit Card,Paid,Mastercard,20028030.0
PAY-00256,Bank Transfer,Paid,OVO,56336120.0
PAY-00257,Credit Card,Paid,BCA,17957100.0
PAY-00258,QRIS,Paid,Visa,52271050.0
PAY-00259,QRIS,Paid,GoPay,13137080.0
PAY-00260,Credit Card,Paid,BCA,29197000.0
PAY-00261,Credit Card,Paid,BRI,10136200.0
PAY-00262,QRIS,Paid,GoPay,45896000.0
PAY-00263,Credit Card,Paid,BNI,699000.0
PAY-00264,Credit Card,Paid,Mandiri,49497000.0
PAY-00265,Cash,Paid,Mandiri,11598000.0
PAY-00266,Credit Card,Paid,Mastercard,45313240.0
PAY-00267,E-Wallet,Paid,BNI,59995000.0
PAY-00268,QRIS,Paid,GoPay,3598000.0
PAY-00269,Credit Card,Paid,Mandiri,14407080.0
PAY-00270,Credit Card,Paid,ShopeePay,22098000.0
PAY-00271,QRIS,Paid,BCA,21599060.0
PAY-00272,QRIS,Paid,ShopeePay,39295000.0
PAY-00273,Credit Card,Paid,GoPay,14522120.0
PAY-00274,QRIS,Paid,GoPay,29137030.0
PAY-00275,QRIS,Paid,GoPay,8148000.0
PAY-00276,E-Wallet,Paid,BNI,12197080.0
PAY-00277,Cash,Paid,BCA,9198000.0
PAY-00278,QRIS,Paid,Erajaya POS,6448100.0
PAY-00279,E-Wallet,Failed,Mandiri,68997000.0
PAY-00280,Credit Card,Paid,ShopeePay,32998120.0
PAY-00281,Credit Card,Paid,GoPay,51943100.0
PAY-00282,QRIS,Paid,ShopeePay,22996000.0
PAY-00283,E-Wallet,Paid,BCA,4699000.0
PAY-00284,Credit Card,Paid,BRI,7499000.0
PAY-00285,E-Wallet,Paid,Erajaya POS,12499000.0
PAY-00286,Bank Transfer,Paid,ShopeePay,13597000.0
PAY-00287,Cash,Paid,OVO,21967030.0
PAY-00288,Cash,Paid,ShopeePay,11314160.0
PAY-00289,QRIS,Paid,Erajaya POS,699000.0
PAY-00290,E-Wallet,Paid,Mastercard,35468080.0
PAY-00291,E-Wallet,Paid,Erajaya POS,48765850.0
PAY-00292,QRIS,Paid,BCA,51694100.0
PAY-00293,Cash,Paid,ShopeePay,51794000.0
PAY-00294,Bank Transfer,Paid,Visa,48097000.0
PAY-00295,E-Wallet,Paid,Mastercard,22995000.0
PAY-00296,Debit Card,Paid,ShopeePay,54619030.0
PAY-00297,Credit Card,Paid,Visa,23218080.0
PAY-00298,QRIS,Paid,Erajaya POS,23998000.0
PAY-00299,Credit Card,Paid,BRI,34997000.0
PAY-00300,Cash,Paid,BNI,1599000.0
PAY-00301,Debit Card,Paid,BRI,27998000.0
PAY-00302,QRIS,Paid,Mastercard,19208050.0
PAY-00303,Bank Transfer,Pending,BRI,5637800.0
PAY-00304,Debit Card,Paid,OVO,699000.0
PAY-00305,E-Wallet,Paid,BCA,21473150.0
PAY-00306,E-Wallet,Paid,Mandiri,1565000.0
PAY-00307,Credit Card,Paid,GoPay,25593030.0
PAY-00308,E-Wallet,Paid,Erajaya POS,27995000.0
PAY-00309,QRIS,Refunded,Erajaya POS,3299000.0
PAY-00310,Credit Card,Paid,OVO,29498000.0
PAY-00311,Debit Card,Paid,Mastercard,30098000.0
PAY-00312,Debit Card,Paid,ShopeePay,23296000.0
PAY-00313,QRIS,Paid,Mandiri,14999000.0
PAY-00314,Bank Transfer,Paid,GoPay,29147080.0
PAY-00315,Bank Transfer,Paid,GoPay,29698000.0
PAY-00316,Bank Transfer,Paid,BNI,12796000.0
PAY-00317,E-Wallet,Paid,ShopeePay,5499000.0
PAY-00318,QRIS,Paid,BRI,16499000.0
PAY-00319,Credit Card,Paid,Mastercard,12297000.0
PAY-00320,E-Wallet,Paid,BRI,5625030.0
PAY-00321,Debit Card,Paid,BRI,90568150.0
PAY-00322,E-Wallet,Paid,OVO,53795080.0
PAY-00323,QRIS,Failed,Visa,13692150.0
PAY-00324,Credit Card,Paid,Erajaya POS,22309030.0
PAY-00325,Debit Card,Paid,BCA,23337080.0
PAY-00326,QRIS,Paid,BNI,46497000.0
PAY-00327,Bank Transfer,Paid,GoPay,7998000.0
PAY-00328,E-Wallet,Paid,BCA,27473150.0
PAY-00329,Debit Card,Paid,BNI,15998050.0
PAY-00330,Bank Transfer,Paid,BRI,2023120.0
PAY-00331,Cash,Paid,OVO,15381180.0
PAY-00332,QRIS,Paid,GoPay,17698000.0
PAY-00333,QRIS,Paid,OVO,10198000.0
PAY-00334,Credit Card,Failed,ShopeePay,14999000.0
PAY-00335,Debit Card,Paid,OVO,35387230.0
PAY-00336,E-Wallet,Paid,OVO,47497000.0
PAY-00337,E-Wallet,Paid,Mandiri,32965120.0
PAY-00338,E-Wallet,Paid,Visa,12115060.0
PAY-00339,Debit Card,Paid,Visa,24498000.0
PAY-00340,QRIS,Paid,BCA,2499000.0
PAY-00341,Credit Card,Paid,BCA,16856080.0
PAY-00342,Credit Card,Paid,Mandiri,4946030.0
PAY-00343,Cash,Paid,BRI,3499000.0
PAY-00344,QRIS,Paid,Visa,7759030.0
PAY-00345,Credit Card,Paid,GoPay,4364130.0
PAY-00346,Credit Card,Paid,Mastercard,11998000.0
PAY-00347,Credit Card,Paid,Visa,29998000.0
PAY-00348,Credit Card,Paid,GoPay,9194000.0
PAY-00349,Debit Card,Paid,Mastercard,16698000.0
PAY-00350,Cash,Paid,Mastercard,24195000.0
PAY-00351,Bank Transfer,Paid,Erajaya POS,25896120.0
PAY-00352,E-Wallet,Failed,ShopeePay,5784000.0
PAY-00353,Cash,Paid,Mastercard,48655080.0
PAY-00354,E-Wallet,Paid,Visa,32998000.0
PAY-00355,Credit Card,Paid,GoPay,18382150.0
PAY-00356,Credit Card,Paid,Mastercard,5519080.0
PAY-00357,Bank Transfer,Paid,Erajaya POS,13696000.0
PAY-00358,Debit Card,Refunded,OVO,9898100.0
PAY-00359,Bank Transfer,Paid,BCA,51996000.0
PAY-00360,QRIS,Paid,BNI,3126160.0
PAY-00361,Bank Transfer,Paid,BRI,19931220.0
PAY-00362,Bank Transfer,Paid,Erajaya POS,12999000.0
PAY-00363,E-Wallet,Paid,ShopeePay,13997000.0
PAY-00364,QRIS,Pending,Mastercard,10597000.0
PAY-00365,E-Wallet,Paid,BCA,34418080.0
PAY-00366,Bank Transfer,Paid,ShopeePay,66141030.0
PAY-00367,QRIS,Paid,GoPay,11998000.0
PAY-00368,Credit Card,Paid,Visa,17391250.0
PAY-00369,Debit Card,Paid,GoPay,26077000.0
PAY-00370,Debit Card,Paid,ShopeePay,7748050.0
PAY-00371,QRIS,Paid,Mandiri,5485750.0
PAY-00372,QRIS,Paid,Erajaya POS,1898000.0
PAY-00373,Bank Transfer,Paid,ShopeePay,51835100.0
PAY-00374,Cash,Paid,BRI,10998000.0
PAY-00375,Credit Card,Paid,GoPay,39895300.0
PAY-00376,E-Wallet,Paid,Mastercard,13499000.0
PAY-00377,Credit Card,Paid,Mandiri,40760060.0
PAY-00378,E-Wallet,Failed,OVO,20895000.0
PAY-00379,QRIS,Paid,Mandiri,23372050.0
PAY-00380,Bank Transfer,Paid,OVO,37231170.0
PAY-00381,QRIS,Paid,OVO,26595000.0
PAY-00382,Bank Transfer,Paid,BRI,9348050.0
PAY-00383,Credit Card,Paid,Erajaya POS,5518050.0
PAY-00384,Cash,Paid,ShopeePay,9614080.0
PAY-00385,Credit Card,Paid,BCA,34536200.0
PAY-00386,Credit Card,Refunded,OVO,34120270.0
PAY-00387,E-Wallet,Paid,Visa,25377900.0
PAY-00388,E-Wallet,Pending,GoPay,20875240.0
PAY-00389,Debit Card,Paid,ShopeePay,9797000.0
PAY-00390,E-Wallet,Paid,Visa,16048050.0
PAY-00391,E-Wallet,Paid,Erajaya POS,34998000.0
PAY-00392,Credit Card,Paid,BCA,7297000.0
PAY-00393,Debit Card,Paid,Erajaya POS,4078000.0
PAY-00394,E-Wallet,Paid,BRI,7499000.0
PAY-00395,Bank Transfer,Paid,Erajaya POS,42856400.0
PAY-00396,Credit Card,Paid,BRI,47595120.0
PAY-00397,Bank Transfer,Paid,BRI,5797000.0
PAY-00398,Bank Transfer,Paid,Mandiri,6629000.0
PAY-00399,Cash,Paid,BNI,10162030.0
PAY-00400,E-Wallet,Paid,Mastercard,15999000.0
PAY-00401,Credit Card,Paid,Mandiri,13627050.0
PAY-00402,Credit Card,Paid,Erajaya POS,42157280.0
PAY-00403,Credit Card,Paid,GoPay,20998000.0
PAY-00404,QRIS,Failed,OVO,24495000.0
PAY-00405,Credit Card,Paid,OVO,20548030.0
PAY-00406,Debit Card,Paid,GoPay,7572050.0
PAY-00407,Credit Card,Paid,BRI,27037030.0
PAY-00408,Debit Card,Paid,Erajaya POS,64896000.0
PAY-00409,E-Wallet,Paid,OVO,699000.0
PAY-00410,E-Wallet,Paid,Mastercard,10996000.0
PAY-00411,Debit Card,Paid,BRI,56919150.0
PAY-00412,E-Wallet,Paid,Erajaya POS,15997000.0
PAY-00413,QRIS,Paid,ShopeePay,25893080.0
PAY-00414,Debit Card,Paid,BNI,40738080.0
PAY-00415,E-Wallet,Paid,OVO,699000.0
PAY-00416,QRIS,Paid,BNI,36956120.0
PAY-00417,QRIS,Paid,GoPay,24817120.0
PAY-00418,E-Wallet,Paid,Mastercard,29795000.0
PAY-00419,E-Wallet,Paid,BRI,13998000.0
PAY-00420,Cash,Paid,BRI,51965350.0
PAY-00421,QRIS,Paid,Erajaya POS,12598100.0
PAY-00422,Bank Transfer,Paid,BNI,11597050.0
PAY-00423,Debit Card,Paid,Mastercard,27934240.0
PAY-00424,E-Wallet,Paid,Mandiri,20792080.0
PAY-00425,QRIS,Paid,BRI,29436420.0
PAY-00426,Cash,Paid,Erajaya POS,30787030.0
PAY-00427,Bank Transfer,Failed,Mandiri,30997000.0
PAY-00428,Credit Card,Paid,Mandiri,5692440.0
PAY-00429,Credit Card,Failed,BCA,32997000.0
PAY-00430,Credit Card,Paid,BNI,15667060.0
PAY-00431,Credit Card,Paid,Mandiri,29070120.0
PAY-00432,E-Wallet,Paid,Erajaya POS,35796120.0
PAY-00433,E-Wallet,Paid,Visa,16654030.0
PAY-00434,Bank Transfer,Paid,Mastercard,7737390.0
PAY-00435,E-Wallet,Pending,OVO,36693000.0
PAY-00436,Credit Card,Paid,BRI,30098000.0
PAY-00437,Bank Transfer,Paid,ShopeePay,13996000.0
PAY-00438,Debit Card,Paid,Erajaya POS,758100.0
PAY-00439,QRIS,Paid,BRI,22497000.0
PAY-00440,E-Wallet,Paid,Mandiri,8897000.0
PAY-00441,QRIS,Paid,BRI,40877160.0
PAY-00442,E-Wallet,Pending,BCA,4999000.0
PAY-00443,Debit Card,Paid,GoPay,23212130.0
PAY-00444,QRIS,Paid,BRI,22835440.0
PAY-00445,Bank Transfer,Paid,Mandiri,10609030.0
PAY-00446,Debit Card,Paid,Visa,9317100.0
PAY-00447,E-Wallet,Paid,BRI,29837130.0
PAY-00448,Cash,Paid,Visa,6556080.0
PAY-00449,E-Wallet,Paid,Mastercard,15491050.0
PAY-00450,E-Wallet,Refunded,BRI,28091030.0
PAY-00451,E-Wallet,Paid,OVO,75460210.0
PAY-00452,Debit Card,Paid,GoPay,32096080.0
PAY-00453,Credit Card,Paid,Visa,11774110.0
PAY-00454,Credit Card,Paid,BCA,53656240.0
PAY-00455,Cash,Paid,BRI,45137080.0
PAY-00456,Credit Card,Paid,Visa,29907030.0
PAY-00457,QRIS,Paid,BCA,13674090.0
PAY-00458,Bank Transfer,Paid,Mandiri,34496000.0
PAY-00459,Credit Card,Refunded,Erajaya POS,19337080.0
PAY-00460,Credit Card,Paid,Erajaya POS,19518120.0
PAY-00461,Cash,Paid,GoPay,13863000.0
PAY-00462,Debit Card,Paid,BRI,30957080.0
PAY-00463,Debit Card,Failed,GoPay,20455100.0
PAY-00464,Credit Card,Paid,BNI,31991050.0
PAY-00465,Debit Card,Paid,BNI,15299100.0
PAY-00466,Credit Card,Paid,Erajaya POS,39366230.0
PAY-00467,QRIS,Paid,BRI,15498000.0
PAY-00468,E-Wallet,Paid,ShopeePay,32495000.0
PAY-00469,Credit Card,Paid,GoPay,19232130.0
PAY-00470,Debit Card,Paid,Mandiri,13499000.0
PAY-00471,Credit Card,Paid,BCA,11346100.0
PAY-00472,E-Wallet,Paid,Mastercard,15376230.0
PAY-00473,Cash,Paid,Erajaya POS,32566180.0
PAY-00474,Bank Transfer,Paid,BCA,5078100.0
PAY-00475,E-Wallet,Paid,Mastercard,25390160.0
PAY-00476,E-Wallet,Paid,Visa,47210390.0
PAY-00477,E-Wallet,Paid,Mastercard,5998000.0
PAY-00478,Cash,Paid,Mastercard,24796000.0
PAY-00479,Bank Transfer,Paid,ShopeePay,20598050.0
PAY-00480,Credit Card,Paid,Mandiri,499000.0
PAY-00481,Bank Transfer,Paid,BCA,14696000.0
PAY-00482,QRIS,Paid,GoPay,30997000.0
PAY-00483,E-Wallet,Paid,BNI,643080.0
PAY-00484,Bank Transfer,Paid,ShopeePay,15999000.0
PAY-00485,QRIS,Paid,OVO,22235090.0
PAY-00486,QRIS,Paid,BRI,21297000.0
PAY-00487,QRIS,Paid,Mandiri,42916160.0
PAY-00488,Debit Card,Paid,Mandiri,399000.0
PAY-00489,Debit Card,Paid,GoPay,24497000.0
PAY-00490,Debit Card,Paid,BCA,9678080.0
PAY-00491,Bank Transfer,Paid,GoPay,10999000.0
PAY-00492,QRIS,Paid,Mastercard,35096000.0
PAY-00493,E-Wallet,Paid,Mastercard,649000.0
PAY-00494,Debit Card,Paid,Mandiri,2998080.0
PAY-00495,Debit Card,Paid,Mastercard,15448050.0
PAY-00496,QRIS,Paid,Mastercard,36997000.0
PAY-00497,E-Wallet,Paid,BCA,8747000.0
PAY-00498,QRIS,Paid,BCA,21796000.0
PAY-00499,QRIS,Paid,BNI,17097150.0
PAY-00500,Cash,Paid,BRI,56815030.0
PAY-00501,Debit Card,Paid,Visa,7998000.0
PAY-00502,QRIS,Paid,Erajaya POS,25997000.0
PAY-00503,Credit Card,Paid,Mandiri,5099000.0
PAY-00504,Debit Card,Paid,OVO,26396000.0
PAY-00505,QRIS,Failed,OVO,3198000.0
PAY-00506,Credit Card,Refunded,GoPay,21477080.0
PAY-00507,Bank Transfer,Paid,GoPay,22598000.0
PAY-00508,QRIS,Paid,BNI,6299000.0
PAY-00509,Cash,Failed,Mandiri,26347100.0
PAY-00510,Credit Card,Paid,OVO,18998000.0
PAY-00511,Bank Transfer,Paid,OVO,18276000.0
PAY-00512,Credit Card,Paid,Mandiri,4499000.0
PAY-00513,QRIS,Paid,GoPay,8229000.0
PAY-00514,Credit Card,Paid,Mandiri,8258030.0
PAY-00515,E-Wallet,Paid,OVO,6136050.0
PAY-00516,Debit Card,Paid,GoPay,52666180.0
PAY-00517,Debit Card,Paid,BNI,16397000.0
PAY-00518,Credit Card,Paid,Mandiri,4663050.0
PAY-00519,QRIS,Paid,OVO,4713130.0
PAY-00520,E-Wallet,Paid,OVO,6999000.0
PAY-00521,Bank Transfer,Paid,OVO,2648000.0
PAY-00522,Credit Card,Paid,Erajaya POS,4797150.0
PAY-00523,Cash,Paid,Mastercard,3999000.0
PAY-00524,QRIS,Paid,BCA,13798000.0
PAY-00525,QRIS,Paid,Mastercard,9098100.0
PAY-00526,Debit Card,Paid,BRI,33995000.0
PAY-00527,QRIS,Paid,BNI,34392030.0
PAY-00528,Bank Transfer,Paid,Erajaya POS,33723100.0
PAY-00529,Debit Card,Paid,BRI,9797000.0
PAY-00530,Bank Transfer,Paid,GoPay,33421100.0
PAY-00531,Bank Transfer,Paid,BNI,23056240.0
PAY-00532,QRIS,Paid,BCA,10221050.0
PAY-00533,Cash,Paid,OVO,35617080.0
PAY-00534,Cash,Paid,Mastercard,17327250.0
PAY-00535,Debit Card,Paid,Mandiri,4128050.0
PAY-00536,Debit Card,Paid,BRI,27996000.0
PAY-00537,QRIS,Failed,ShopeePay,8548100.0
PAY-00538,Debit Card,Failed,Erajaya POS,10297000.0
PAY-00539,Bank Transfer,Paid,BCA,3299000.0
PAY-00540,QRIS,Paid,OVO,4599080.0
PAY-00541,QRIS,Paid,BNI,6118120.0
PAY-00542,QRIS,Paid,BCA,8398000.0
PAY-00543,QRIS,Paid,OVO,34387000.0
PAY-00544,Cash,Failed,Mastercard,22709190.0
PAY-00545,Debit Card,Paid,OVO,26737060.0
PAY-00546,Debit Card,Failed,BNI,17797000.0
PAY-00547,E-Wallet,Paid,Mandiri,7096000.0
PAY-00548,QRIS,Paid,Mandiri,4699000.0
PAY-00549,E-Wallet,Paid,GoPay,15199050.0
PAY-00550,Bank Transfer,Paid,BCA,38254080.0
PAY-00551,Bank Transfer,Paid,Visa,2499000.0
PAY-00552,Bank Transfer,Paid,OVO,3599100.0
PAY-00553,E-Wallet,Paid,Visa,2549150.0
PAY-00554,Credit Card,Paid,Mastercard,24499000.0
PAY-00555,Debit Card,Paid,Mandiri,36976000.0
PAY-00556,Cash,Paid,BNI,9377600.0
PAY-00557,Cash,Paid,ShopeePay,7576000.0
PAY-00558,Credit Card,Paid,OVO,11926120.0
PAY-00559,Debit Card,Paid,ShopeePay,18498000.0
PAY-00560,Debit Card,Paid,BCA,70996000.0
PAY-00561,Debit Card,Paid,GoPay,19296000.0
PAY-00562,QRIS,Paid,OVO,53396000.0
PAY-00563,Debit Card,Paid,BRI,94219150.0
PAY-00564,Debit Card,Paid,ShopeePay,8999000.0
PAY-00565,Credit Card,Paid,BRI,130888390.0
PAY-00566,QRIS,Paid,GoPay,35397000.0
PAY-00567,E-Wallet,Paid,BNI,5998000.0
PAY-00568,Credit Card,Failed,BNI,52395100.0
PAY-00569,E-Wallet,Paid,ShopeePay,6628300.0
PAY-00570,Bank Transfer,Failed,BRI,28525620.0
PAY-00571,E-Wallet,Paid,BRI,36406500.0
PAY-00572,E-Wallet,Paid,OVO,21999000.0
PAY-00573,Cash,Paid,BNI,4798000.0
PAY-00574,QRIS,Refunded,ShopeePay,15998080.0
PAY-00575,Debit Card,Paid,GoPay,13999000.0
PAY-00576,E-Wallet,Failed,GoPay,12870320.0
PAY-00577,Debit Card,Paid,BRI,4414050.0
PAY-00578,QRIS,Paid,Erajaya POS,47235170.0
PAY-00579,QRIS,Paid,BRI,10347300.0
PAY-00580,Cash,Paid,GoPay,18486290.0
PAY-00581,Debit Card,Paid,Erajaya POS,8558220.0
PAY-00582,E-Wallet,Paid,Mandiri,19555000.0
PAY-00583,Cash,Paid,Mastercard,5996180.0
PAY-00584,E-Wallet,Paid,BCA,19003030.0
PAY-00585,QRIS,Paid,Mandiri,16398000.0
PAY-00586,Credit Card,Paid,OVO,12531000.0
PAY-00587,E-Wallet,Paid,BCA,7102080.0
PAY-00588,Debit Card,Paid,BRI,6174050.0
PAY-00589,Cash,Paid,Mastercard,23798000.0
PAY-00590,QRIS,Paid,BRI,20596000.0
PAY-00591,QRIS,Paid,GoPay,17499000.0
PAY-00592,Bank Transfer,Pending,BRI,3679080.0
PAY-00593,E-Wallet,Paid,GoPay,5369030.0
PAY-00594,Credit Card,Paid,Mastercard,24998000.0
PAY-00595,Bank Transfer,Paid,ShopeePay,12916280.0
PAY-00596,Debit Card,Paid,Erajaya POS,24115160.0
PAY-00597,QRIS,Paid,Visa,27235260.0
PAY-00598,E-Wallet,Paid,ShopeePay,4315130.0
PAY-00599,Debit Card,Paid,GoPay,6299000.0
PAY-00600,E-Wallet,Paid,OVO,23908260.0
PAY-00601,Debit Card,Paid,GoPay,25796000.0
PAY-00602,E-Wallet,Paid,ShopeePay,25175320.0
PAY-00603,QRIS,Paid,BCA,24755000.0
PAY-00604,Credit Card,Paid,ShopeePay,10796000.0
PAY-00605,Credit Card,Paid,ShopeePay,5397000.0
PAY-00606,Debit Card,Paid,Visa,25596080.0
PAY-00607,Credit Card,Paid,BCA,16567150.0
PAY-00608,E-Wallet,Paid,Mastercard,4999000.0
PAY-00609,E-Wallet,Paid,Mandiri,16296000.0
PAY-00610,QRIS,Paid,ShopeePay,71386280.0
PAY-00611,E-Wallet,Paid,Erajaya POS,5758080.0
PAY-00612,Cash,Failed,Erajaya POS,18997100.0
PAY-00613,Credit Card,Paid,Visa,15997000.0
PAY-00614,E-Wallet,Paid,Mastercard,21998000.0
PAY-00615,E-Wallet,Paid,BNI,33998000.0
PAY-00616,Debit Card,Failed,BNI,4849030.0
PAY-00617,QRIS,Paid,Mastercard,29575050.0
PAY-00618,Cash,Paid,Mastercard,21798100.0
PAY-00619,QRIS,Paid,BCA,26647050.0
PAY-00620,E-Wallet,Paid,Erajaya POS,17498000.0
PAY-00621,Credit Card,Paid,BRI,11499080.0
PAY-00622,Bank Transfer,Paid,Erajaya POS,28777120.0
PAY-00623,Debit Card,Paid,GoPay,32407100.0
PAY-00624,QRIS,Paid,GoPay,18276160.0
PAY-00625,QRIS,Paid,Visa,3693360.0
PAY-00626,Bank Transfer,Paid,ShopeePay,11992110.0
PAY-00627,QRIS,Paid,BRI,6973050.0
PAY-00628,Cash,Paid,BRI,11997000.0
PAY-00629,Credit Card,Paid,GoPay,14998000.0
PAY-00630,Cash,Paid,BRI,1994050.0
PAY-00631,E-Wallet,Paid,Erajaya POS,6649050.0
PAY-00632,QRIS,Paid,BNI,6899080.0
PAY-00633,Credit Card,Pending,ShopeePay,21180080.0
PAY-00634,Debit Card,Paid,Mandiri,21123030.0
PAY-00635,Bank Transfer,Paid,GoPay,55464170.0
PAY-00636,E-Wallet,Paid,BNI,16397000.0
PAY-00637,Debit Card,Paid,BCA,29396130.0
PAY-00638,QRIS,Paid,GoPay,7156110.0
PAY-00639,Bank Transfer,Paid,BCA,68356270.0
PAY-00640,QRIS,Paid,BCA,33522150.0
PAY-00641,Bank Transfer,Paid,Visa,10998000.0
PAY-00642,E-Wallet,Paid,GoPay,399000.0
PAY-00643,E-Wallet,Paid,OVO,14997000.0
PAY-00644,Credit Card,Paid,Visa,9999000.0
PAY-00645,Debit Card,Paid,Visa,14926050.0
PAY-00646,QRIS,Paid,Mandiri,1499100.0
PAY-00647,Bank Transfer,Paid,Mastercard,31917080.0
PAY-00648,Bank Transfer,Paid,Mastercard,15277080.0
PAY-00649,QRIS,Pending,Erajaya POS,3734080.0
PAY-00650,Bank Transfer,Paid,Mandiri,16974030.0
PAY-00651,QRIS,Failed,BNI,4249150.0
PAY-00652,E-Wallet,Paid,Mandiri,36305030.0
PAY-00653,E-Wallet,Paid,Mastercard,49003500.0
PAY-00654,QRIS,Paid,Erajaya POS,38675200.0
PAY-00655,QRIS,Paid,Mandiri,69119130.0
PAY-00656,E-Wallet,Paid,BCA,2299000.0
PAY-00657,E-Wallet,Paid,Mandiri,9926230.0
PAY-00658,QRIS,Paid,ShopeePay,387030.0
PAY-00659,Bank Transfer,Paid,BRI,35921050.0
PAY-00660,QRIS,Paid,BRI,32879220.0
PAY-00661,Bank Transfer,Paid,BCA,30775120.0
PAY-00662,QRIS,Paid,ShopeePay,21098000.0
PAY-00663,E-Wallet,Paid,BRI,90395150.0
PAY-00664,Credit Card,Refunded,Erajaya POS,59635180.0
PAY-00665,QRIS,Paid,Visa,10194000.0
PAY-00666,Bank Transfer,Paid,BNI,7847100.0
PAY-00667,E-Wallet,Paid,ShopeePay,10924050.0
PAY-00668,Cash,Paid,ShopeePay,12259260.0
PAY-00669,Bank Transfer,Paid,Mastercard,18999000.0
PAY-00670,E-Wallet,Paid,Mastercard,40997000.0
PAY-00671,Debit Card,Paid,GoPay,34571180.0
PAY-00672,QRIS,Paid,Mandiri,9958080.0
PAY-00673,QRIS,Paid,Erajaya POS,16095050.0
PAY-00674,Cash,Paid,Mastercard,59555090.0
PAY-00675,E-Wallet,Paid,OVO,54997000.0
PAY-00676,Credit Card,Paid,OVO,8872050.0
PAY-00677,E-Wallet,Paid,Visa,19998000.0
PAY-00678,Cash,Paid,ShopeePay,37170510.0
PAY-00679,Credit Card,Paid,OVO,33496100.0
PAY-00680,QRIS,Paid,BCA,11613030.0
PAY-00681,QRIS,Paid,GoPay,2242080.0
PAY-00682,Debit Card,Paid,Mandiri,14862050.0
PAY-00683,Bank Transfer,Paid,GoPay,1599000.0
PAY-00684,E-Wallet,Paid,BNI,19868160.0
PAY-00685,E-Wallet,Paid,BCA,1695000.0
PAY-00686,Credit Card,Paid,ShopeePay,19129230.0
PAY-00687,E-Wallet,Paid,BNI,19525150.0
PAY-00688,Bank Transfer,Paid,Mandiri,8698000.0
PAY-00689,E-Wallet,Paid,GoPay,27796000.0
PAY-00690,Debit Card,Paid,ShopeePay,50277280.0
PAY-00691,QRIS,Paid,ShopeePay,14898080.0
PAY-00692,E-Wallet,Paid,BNI,9663050.0
PAY-00693,Credit Card,Paid,BCA,19822140.0
PAY-00694,Credit Card,Paid,OVO,60896100.0
PAY-00695,Credit Card,Failed,GoPay,4698000.0
PAY-00696,QRIS,Paid,BCA,70497000.0
PAY-00697,QRIS,Paid,BNI,23322050.0
PAY-00698,Credit Card,Paid,ShopeePay,46757080.0
PAY-00699,Credit Card,Paid,BRI,4102080.0
PAY-00700,E-Wallet,Paid,Mandiri,14150030.0
PAY-00701,QRIS,Paid,BNI,39394000.0
PAY-00702,Credit Card,Paid,Mandiri,41796000.0
PAY-00703,Credit Card,Paid,Mandiri,34796000.0
PAY-00704,E-Wallet,Paid,OVO,8074050.0
PAY-00705,Bank Transfer,Pending,GoPay,44994200.0
PAY-00706,Bank Transfer,Paid,Erajaya POS,23498000.0
PAY-00707,E-Wallet,Paid,BRI,14577680.0
PAY-00708,QRIS,Paid,Mandiri,2999000.0
PAY-00709,Bank Transfer,Failed,GoPay,14797000.0
PAY-00710,Bank Transfer,Paid,BRI,19098000.0
PAY-00711,Credit Card,Paid,Erajaya POS,20998080.0
PAY-00712,E-Wallet,Paid,Visa,18797000.0
PAY-00713,Credit Card,Paid,Visa,33148050.0
PAY-00714,Credit Card,Paid,Mastercard,45040270.0
PAY-00715,Credit Card,Paid,GoPay,12599000.0
PAY-00716,E-Wallet,Paid,BCA,29895000.0
PAY-00717,Debit Card,Paid,OVO,3298000.0
PAY-00718,QRIS,Paid,Visa,1259100.0
PAY-00719,Credit Card,Pending,Visa,5999000.0
PAY-00720,QRIS,Paid,Mastercard,11973050.0
PAY-00721,Debit Card,Paid,Erajaya POS,65494000.0
PAY-00722,Credit Card,Paid,Mandiri,16998000.0
PAY-00723,Credit Card,Paid,ShopeePay,14598050.0
PAY-00724,Bank Transfer,Paid,ShopeePay,30695000.0
PAY-00725,E-Wallet,Paid,Mandiri,42876160.0
PAY-00726,Bank Transfer,Paid,Visa,41946160.0
PAY-00727,QRIS,Paid,Mastercard,15738220.0
PAY-00728,E-Wallet,Paid,BCA,18998000.0
PAY-00729,Credit Card,Paid,Erajaya POS,399000.0
PAY-00730,Bank Transfer,Paid,BRI,18497000.0
PAY-00731,Cash,Pending,Mastercard,5719120.0
PAY-00732,Cash,Paid,Visa,33596000.0
PAY-00733,QRIS,Paid,Visa,20273050.0
PAY-00734,E-Wallet,Paid,OVO,42597000.0
PAY-00735,Bank Transfer,Paid,BCA,5856050.0
PAY-00736,Debit Card,Failed,GoPay,10327060.0
PAY-00737,QRIS,Paid,Erajaya POS,25394100.0
PAY-00738,Credit Card,Failed,Erajaya POS,21197000.0
PAY-00739,Credit Card,Pending,OVO,46124140.0
PAY-00740,Debit Card,Paid,OVO,7698000.0
PAY-00741,Bank Transfer,Paid,Erajaya POS,30997000.0
PAY-00742,E-Wallet,Paid,Erajaya POS,21989160.0
PAY-00743,Cash,Paid,GoPay,4999000.0
PAY-00744,Credit Card,Paid,BRI,25007150.0
PAY-00745,QRIS,Paid,BRI,22764100.0
PAY-00746,Debit Card,Paid,BNI,86693180.0
PAY-00747,QRIS,Paid,GoPay,19548030.0
PAY-00748,Credit Card,Paid,ShopeePay,33697000.0
PAY-00749,Credit Card,Paid,OVO,30498000.0
PAY-00750,Bank Transfer,Failed,GoPay,42497200.0
PAY-00751,QRIS,Paid,BNI,35514340.0
PAY-00752,QRIS,Paid,Visa,69156240.0
PAY-00753,E-Wallet,Paid,ShopeePay,19334230.0
PAY-00754,Bank Transfer,Paid,ShopeePay,53397100.0
PAY-00755,Debit Card,Paid,BCA,9498100.0
PAY-00756,Cash,Paid,BCA,13579680.0
PAY-00757,Debit Card,Paid,BRI,2999000.0
PAY-00758,Debit Card,Paid,Mastercard,17626050.0
PAY-00759,Debit Card,Paid,GoPay,50922090.0
PAY-00760,QRIS,Paid,BNI,13928580.0
PAY-00761,Debit Card,Paid,BNI,55646300.0
PAY-00762,Cash,Pending,ShopeePay,23274200.0
PAY-00763,Bank Transfer,Paid,OVO,39591030.0
PAY-00764,QRIS,Pending,BNI,26564180.0
PAY-00765,Credit Card,Paid,GoPay,5258080.0
PAY-00766,QRIS,Paid,Mandiri,42317050.0
PAY-00767,Credit Card,Paid,Mastercard,17247100.0
PAY-00768,Bank Transfer,Paid,BRI,9698060.0
PAY-00769,QRIS,Paid,Erajaya POS,15678000.0
PAY-00770,E-Wallet,Paid,Erajaya POS,3694000.0
PAY-00771,Bank Transfer,Paid,Mandiri,14440320.0
PAY-00772,E-Wallet,Paid,Visa,14719080.0
PAY-00773,Cash,Paid,Mandiri,3499000.0
PAY-00774,E-Wallet,Paid,Mastercard,20324110.0
PAY-00775,E-Wallet,Paid,GoPay,23246030.0
PAY-00776,Cash,Paid,Mandiri,33495530.0
PAY-00777,QRIS,Paid,Mastercard,11069090.0
PAY-00778,Credit Card,Paid,BNI,65744100.0
PAY-00779,Debit Card,Paid,Mandiri,16597000.0
PAY-00780,Credit Card,Paid,OVO,14498000.0
PAY-00781,Bank Transfer,Pending,Visa,6999000.0
PAY-00782,Bank Transfer,Paid,Visa,13257080.0
PAY-00783,E-Wallet,Paid,BCA,22756100.0
PAY-00784,E-Wallet,Paid,Mastercard,57845200.0
PAY-00785,Debit Card,Paid,BRI,7999000.0
PAY-00786,QRIS,Paid,Erajaya POS,12499000.0
PAY-00787,Credit Card,Paid,OVO,25069160.0
PAY-00788,QRIS,Paid,Mastercard,28880030.0
PAY-00789,Bank Transfer,Paid,GoPay,6148000.0
PAY-00790,Cash,Paid,OVO,10498000.0
PAY-00791,Debit Card,Paid,Erajaya POS,22577000.0
PAY-00792,Cash,Paid,ShopeePay,10398050.0
PAY-00793,Credit Card,Paid,BCA,15408030.0
PAY-00794,Debit Card,Paid,Erajaya POS,15297000.0
PAY-00795,E-Wallet,Paid,GoPay,14683520.0
PAY-00796,E-Wallet,Paid,Visa,23222200.0
PAY-00797,Credit Card,Paid,BNI,4285750.0
PAY-00798,Debit Card,Paid,Erajaya POS,20498000.0
PAY-00799,QRIS,Paid,Mandiri,7759030.0
PAY-00800,E-Wallet,Paid,BNI,32901120.0
PAY-00801,Cash,Paid,BNI,2499000.0
PAY-00802,Credit Card,Paid,BRI,8999000.0
PAY-00803,Credit Card,Paid,Erajaya POS,399000.0
PAY-00804,Cash,Paid,GoPay,22496100.0
PAY-00805,Credit Card,Paid,ShopeePay,19364830.0
PAY-00806,E-Wallet,Paid,Visa,8646160.0
PAY-00807,QRIS,Paid,Visa,3299000.0
PAY-00808,Debit Card,Paid,ShopeePay,2299000.0
PAY-00809,Debit Card,Paid,BNI,11998000.0
PAY-00810,QRIS,Paid,Visa,44435100.0
PAY-00811,Debit Card,Paid,GoPay,2704050.0
PAY-00812,Credit Card,Paid,Visa,61497000.0
PAY-00813,Debit Card,Paid,Erajaya POS,31096100.0
PAY-00814,Credit Card,Paid,OVO,4999000.0
PAY-00815,QRIS,Paid,GoPay,26472050.0
PAY-00816,QRIS,Paid,BCA,6298000.0
PAY-00817,Credit Card,Paid,Erajaya POS,9499000.0
PAY-00818,E-Wallet,Paid,GoPay,1551030.0
PAY-00819,Credit Card,Paid,Mandiri,6174050.0
PAY-00820,Credit Card,Paid,Erajaya POS,37265160.0
PAY-00821,Cash,Refunded,ShopeePay,15531150.0
PAY-00822,Cash,Paid,GoPay,21594000.0
PAY-00823,Bank Transfer,Paid,GoPay,8598000.0
PAY-00824,QRIS,Paid,BNI,32627130.0
PAY-00825,QRIS,Paid,Erajaya POS,20856080.0
PAY-00826,E-Wallet,Paid,ShopeePay,11165080.0
PAY-00827,Credit Card,Failed,BNI,9913030.0
PAY-00828,QRIS,Paid,Mastercard,12858100.0
PAY-00829,QRIS,Paid,BCA,47172050.0
PAY-00830,Credit Card,Paid,BNI,9999000.0
PAY-00831,Cash,Paid,BNI,5148000.0
PAY-00832,E-Wallet,Failed,Mandiri,47454080.0
PAY-00833,Bank Transfer,Paid,BNI,7100870.0
PAY-00834,Bank Transfer,Paid,Mandiri,35596000.0
PAY-00835,Bank Transfer,Paid,BNI,17398000.0
PAY-00836,QRIS,Paid,BNI,71351340.0
PAY-00837,Cash,Paid,BCA,55236080.0
PAY-00838,QRIS,Paid,BNI,19842050.0
PAY-00839,Bank Transfer,Pending,ShopeePay,32997000.0
PAY-00840,Credit Card,Paid,Mastercard,5669100.0
PAY-00841,Cash,Paid,ShopeePay,54120030.0
PAY-00842,Debit Card,Paid,BNI,15397000.0
PAY-00843,QRIS,Paid,Erajaya POS,17847030.0
PAY-00844,QRIS,Paid,BNI,57226300.0
PAY-00845,Bank Transfer,Paid,BRI,6798000.0
PAY-00846,Cash,Paid,BNI,15498000.0
PAY-00847,QRIS,Paid,GoPay,699000.0
PAY-00848,Credit Card,Paid,BCA,20999000.0
PAY-00849,QRIS,Paid,OVO,45415120.0
PAY-00850,Cash,Paid,BNI,30498000.0
PAY-00851,Credit Card,Paid,BNI,1098000.0
PAY-00852,E-Wallet,Pending,OVO,22578120.0
PAY-00853,QRIS,Pending,OVO,81675120.0
PAY-00854,Debit Card,Paid,BRI,49720050.0
PAY-00855,Credit Card,Paid,Visa,56982250.0
PAY-00856,E-Wallet,Paid,BCA,4499000.0
PAY-00857,Credit Card,Paid,OVO,42471150.0
PAY-00858,QRIS,Paid,BNI,9498000.0
PAY-00859,Credit Card,Paid,BNI,39498000.0
PAY-00860,Credit Card,Paid,OVO,48495000.0
PAY-00861,Bank Transfer,Paid,Erajaya POS,8278160.0
PAY-00862,QRIS,Paid,ShopeePay,21347030.0
PAY-00863,QRIS,Paid,OVO,44396000.0
PAY-00864,Bank Transfer,Paid,BCA,48012090.0
PAY-00865,Bank Transfer,Paid,BNI,11258060.0
PAY-00866,Credit Card,Paid,ShopeePay,3999000.0
PAY-00867,Credit Card,Paid,ShopeePay,36384030.0
PAY-00868,E-Wallet,Paid,Visa,27297000.0
PAY-00869,E-Wallet,Paid,ShopeePay,9499050.0
PAY-00870,QRIS,Paid,Erajaya POS,21187150.0
PAY-00871,Bank Transfer,Paid,Mastercard,22198050.0
PAY-00872,E-Wallet,Paid,BRI,20595100.0
PAY-00873,QRIS,Paid,OVO,19306520.0
PAY-00874,QRIS,Paid,Mandiri,54645100.0
PAY-00875,E-Wallet,Paid,Erajaya POS,75735080.0
PAY-00876,E-Wallet,Paid,Visa,12499000.0
PAY-00877,Credit Card,Paid,Erajaya POS,14999000.0
PAY-00878,Bank Transfer,Paid,Visa,39997240.0
PAY-00879,Credit Card,Paid,BCA,1599000.0
PAY-00880,QRIS,Paid,BNI,1098000.0
PAY-00881,Cash,Paid,Mastercard,14418120.0
PAY-00882,QRIS,Paid,BNI,6576050.0
PAY-00883,E-Wallet,Paid,ShopeePay,20976080.0
PAY-00884,Bank Transfer,Paid,GoPay,4629230.0
PAY-00885,Bank Transfer,Paid,Mastercard,5498130.0
PAY-00886,Credit Card,Paid,Mastercard,29296000.0
PAY-00887,E-Wallet,Paid,Visa,39976230.0
PAY-00888,E-Wallet,Paid,BNI,1599000.0
PAY-00889,E-Wallet,Paid,Mastercard,12498000.0
PAY-00890,E-Wallet,Paid,BRI,35916080.0
PAY-00891,Cash,Paid,Visa,42221230.0
PAY-00892,Credit Card,Paid,Erajaya POS,35496000.0
PAY-00893,E-Wallet,Paid,Mandiri,31998000.0
PAY-00894,E-Wallet,Paid,OVO,6629060.0
PAY-00895,QRIS,Paid,Erajaya POS,11378030.0
PAY-00896,QRIS,Paid,Visa,12999000.0
PAY-00897,Cash,Paid,BRI,21884400.0
PAY-00898,Debit Card,Paid,BNI,22995000.0
PAY-00899,QRIS,Paid,GoPay,19818080.0
PAY-00900,Bank Transfer,Paid,OVO,22916030.0
PAY-00901,QRIS,Paid,GoPay,34316200.0
PAY-00902,QRIS,Paid,BNI,15297100.0
PAY-00903,Bank Transfer,Paid,BRI,6999000.0
PAY-00904,Credit Card,Paid,Mastercard,43795250.0
PAY-00905,Debit Card,Paid,OVO,1199000.0
PAY-00906,QRIS,Paid,Mastercard,24789160.0
PAY-00907,Credit Card,Paid,Mandiri,14789080.0
PAY-00908,Credit Card,Paid,ShopeePay,32998000.0
PAY-00909,QRIS,Paid,Erajaya POS,20997000.0
PAY-00910,Bank Transfer,Paid,BNI,18525060.0
PAY-00911,Credit Card,Paid,GoPay,23219060.0
PAY-00912,Cash,Paid,BRI,4999000.0
PAY-00913,Credit Card,Paid,Visa,30827090.0
PAY-00914,Credit Card,Paid,Visa,5999000.0
PAY-00915,Credit Card,Paid,BCA,27798000.0
PAY-00916,Bank Transfer,Failed,Visa,28998000.0
PAY-00917,Credit Card,Paid,Mandiri,12499000.0
PAY-00918,QRIS,Paid,GoPay,31995000.0
PAY-00919,Credit Card,Paid,Mastercard,41692240.0
PAY-00920,Credit Card,Paid,ShopeePay,13647050.0
PAY-00921,Debit Card,Paid,BNI,24647200.0
PAY-00922,QRIS,Paid,OVO,12328080.0
PAY-00923,QRIS,Paid,BNI,25752110.0
PAY-00924,Credit Card,Paid,Mandiri,25998000.0
PAY-00925,E-Wallet,Paid,OVO,41998000.0
PAY-00926,Credit Card,Paid,BCA,48406180.0
PAY-00927,Credit Card,Paid,BNI,56937160.0
PAY-00928,QRIS,Paid,BCA,484030.0
PAY-00929,E-Wallet,Paid,BRI,27923050.0
PAY-00930,Bank Transfer,Paid,OVO,58494100.0
PAY-00931,QRIS,Paid,Visa,28333130.0
PAY-00932,QRIS,Paid,Visa,23298050.0
PAY-00933,Credit Card,Paid,OVO,27678080.0
PAY-00934,E-Wallet,Paid,OVO,13499100.0
PAY-00935,QRIS,Paid,GoPay,1439800.0
PAY-00936,Cash,Paid,GoPay,10128150.0
PAY-00937,E-Wallet,Paid,Visa,18795000.0
PAY-00938,Bank Transfer,Paid,Mandiri,4298100.0
PAY-00939,Bank Transfer,Paid,Mandiri,15997000.0
PAY-00940,QRIS,Paid,Erajaya POS,10278120.0
PAY-00941,Credit Card,Paid,BNI,47810290.0
PAY-00942,Cash,Paid,OVO,5679580.0
PAY-00943,QRIS,Paid,Mandiri,9998000.0
PAY-00944,Credit Card,Refunded,GoPay,9498000.0
PAY-00945,Bank Transfer,Paid,Mandiri,6057080.0
PAY-00946,Bank Transfer,Paid,BRI,45998000.0
PAY-00947,E-Wallet,Paid,ShopeePay,31777160.0
PAY-00948,Debit Card,Paid,OVO,7797000.0
PAY-00949,E-Wallet,Paid,OVO,11997000.0
PAY-00950,Cash,Pending,Mastercard,63346030.0
PAY-00951,Credit Card,Failed,ShopeePay,8279080.0
PAY-00952,QRIS,Paid,BRI,54701190.0
PAY-00953,Credit Card,Failed,ShopeePay,19722030.0
PAY-00954,QRIS,Paid,BCA,44695000.0
PAY-00955,Bank Transfer,Paid,Erajaya POS,85967080.0
PAY-00956,E-Wallet,Paid,BNI,26098000.0
PAY-00957,QRIS,Paid,Mastercard,13797240.0
PAY-00958,QRIS,Paid,ShopeePay,21493080.0
PAY-00959,E-Wallet,Paid,BRI,11998000.0
PAY-00960,Credit Card,Paid,Mandiri,32496000.0
PAY-00961,QRIS,Paid,OVO,17998000.0
PAY-00962,E-Wallet,Paid,BNI,13498000.0
PAY-00963,QRIS,Paid,GoPay,10999000.0
PAY-00964,QRIS,Paid,BCA,1486750.0
PAY-00965,Credit Card,Refunded,Visa,17247250.0
PAY-00966,QRIS,Paid,BRI,11247300.0
PAY-00967,Credit Card,Paid,BRI,19662050.0
PAY-00968,QRIS,Paid,BRI,53293200.0
PAY-00969,E-Wallet,Paid,Erajaya POS,10496000.0
PAY-00970,QRIS,Paid,BNI,8348030.0
PAY-00971,Credit Card,Paid,BCA,14697000.0
PAY-00972,Bank Transfer,Paid,BRI,35997000.0
PAY-00973,Credit Card,Paid,BCA,12898080.0
PAY-00974,Credit Card,Paid,ShopeePay,27316050.0
PAY-00975,Debit Card,Paid,Mastercard,19148050.0
PAY-00976,Credit Card,Paid,Mastercard,66596200.0
PAY-00977,E-Wallet,Paid,BCA,6499000.0
PAY-00978,Debit Card,Paid,Mastercard,22497000.0
PAY-00979,Debit Card,Paid,Mandiri,19098000.0
PAY-00980,QRIS,Paid,Erajaya POS,77036060.0
PAY-00981,Debit Card,Paid,Erajaya POS,2999000.0
PAY-00982,Credit Card,Paid,BNI,39055120.0
PAY-00983,Debit Card,Paid,Erajaya POS,12499000.0
PAY-00984,QRIS,Pending,BNI,42977100.0
PAY-00985,Bank Transfer,Pending,Mandiri,10738080.0
PAY-00986,QRIS,Paid,BRI,30698340.0
PAY-00987,Debit Card,Paid,Mastercard,35940160.0
PAY-00988,QRIS,Paid,BNI,23445030.0
PAY-00989,E-Wallet,Paid,Visa,40846110.0
PAY-00990,Credit Card,Paid,OVO,25167390.0
PAY-00991,QRIS,Paid,Mastercard,5279120.0
PAY-00992,Credit Card,Paid,GoPay,24407500.0
PAY-00993,Bank Transfer,Paid,BNI,63494000.0
PAY-00994,QRIS,Paid,Mastercard,21999000.0
PAY-00995,QRIS,Pending,BCA,11797150.0
PAY-00996,Debit Card,Paid,Mandiri,7696000.0
PAY-00997,Debit Card,Paid,Mandiri,22098000.0
PAY-00998,E-Wallet,Paid,Erajaya POS,10496000.0
PAY-00999,E-Wallet,Paid,BRI,6499000.0
PAY-01000,Credit Card,Paid,Visa,31177220.0
PAY-01001,QRIS,Paid,BNI,89993000.0
PAY-01002,Debit Card,Paid,Mastercard,55996000.0
PAY-01003,Credit Card,Paid,Erajaya POS,23277000.0
PAY-01004,Credit Card,Paid,OVO,21238180.0
PAY-01005,Cash,Paid,BCA,22198000.0
PAY-01006,QRIS,Pending,ShopeePay,1695000.0
PAY-01007,QRIS,Paid,Visa,43795200.0
PAY-01008,E-Wallet,Pending,GoPay,30998000.0
PAY-01009,Bank Transfer,Paid,ShopeePay,21497200.0
PAY-01010,QRIS,Paid,Mastercard,23357240.0
PAY-01011,Debit Card,Paid,Erajaya POS,7641240.0
PAY-01012,E-Wallet,Failed,Mastercard,63894060.0
PAY-01013,Cash,Paid,Erajaya POS,33095300.0
PAY-01014,Bank Transfer,Paid,BRI,42116080.0
PAY-01015,QRIS,Paid,Visa,8830160.0
PAY-01016,Bank Transfer,Paid,Visa,4848050.0
PAY-01017,Credit Card,Paid,Visa,11874050.0
PAY-01018,Bank Transfer,Paid,Mastercard,16358100.0
PAY-01019,Credit Card,Failed,BRI,55574000.0
PAY-01020,QRIS,Paid,Visa,3231680.0
PAY-01021,Bank Transfer,Paid,BNI,3999000.0
PAY-01022,Credit Card,Paid,ShopeePay,27657080.0
PAY-01023,E-Wallet,Paid,BRI,99153060.0
PAY-01024,Bank Transfer,Paid,Visa,4499000.0
PAY-01025,QRIS,Paid,ShopeePay,1917050.0
PAY-01026,Debit Card,Paid,ShopeePay,33172200.0
PAY-01027,Debit Card,Paid,ShopeePay,4949100.0
PAY-01028,E-Wallet,Paid,BCA,23498000.0
PAY-01029,E-Wallet,Paid,OVO,21339030.0
PAY-01030,QRIS,Paid,OVO,36996000.0
PAY-01031,Credit Card,Paid,ShopeePay,44563130.0
PAY-01032,Credit Card,Paid,GoPay,16974030.0
PAY-01033,Debit Card,Paid,Erajaya POS,60597000.0
PAY-01034,E-Wallet,Paid,Erajaya POS,22023200.0
PAY-01035,Debit Card,Pending,BNI,46498000.0
PAY-01036,Debit Card,Paid,OVO,76380330.0
PAY-01037,Credit Card,Paid,BCA,13799080.0
PAY-01038,E-Wallet,Paid,Mandiri,19998000.0
PAY-01039,E-Wallet,Paid,OVO,32317080.0
PAY-01040,E-Wallet,Paid,Visa,8276000.0
PAY-01041,E-Wallet,Paid,Mastercard,19295000.0
PAY-01042,Debit Card,Paid,Mastercard,2326060.0
PAY-01043,E-Wallet,Paid,Erajaya POS,18668030.0
PAY-01044,Bank Transfer,Paid,Mandiri,36097100.0
PAY-01045,QRIS,Paid,ShopeePay,35208160.0
PAY-01046,Bank Transfer,Paid,BCA,5499000.0
PAY-01047,Credit Card,Paid,BNI,2999000.0
PAY-01048,Credit Card,Paid,Mastercard,18096000.0
PAY-01049,Credit Card,Paid,Erajaya POS,43516120.0
PAY-01050,Debit Card,Paid,OVO,30213030.0
PAY-01051,QRIS,Paid,BRI,699000.0
PAY-01052,Debit Card,Paid,GoPay,7499000.0
PAY-01053,Debit Card,Paid,ShopeePay,15498000.0
PAY-01054,Bank Transfer,Paid,BNI,4999000.0
PAY-01055,E-Wallet,Paid,Visa,42696000.0
PAY-01056,Debit Card,Paid,Visa,15578000.0
PAY-01057,Bank Transfer,Paid,Mandiri,45897300.0
PAY-01058,E-Wallet,Paid,Mandiri,13298100.0
PAY-01059,QRIS,Paid,BNI,2685750.0
PAY-01060,QRIS,Paid,Mandiri,8501250.0
PAY-01061,Credit Card,Paid,Erajaya POS,53356240.0
PAY-01062,E-Wallet,Paid,Mandiri,41168030.0
PAY-01063,Debit Card,Paid,Mandiri,21726030.0
PAY-01064,QRIS,Paid,Erajaya POS,21491050.0
PAY-01065,Credit Card,Paid,Mastercard,8389000.0
PAY-01066,QRIS,Paid,BCA,9098000.0
PAY-01067,Debit Card,Paid,BNI,19698100.0
PAY-01068,Credit Card,Pending,Mastercard,4558030.0
PAY-01069,Credit Card,Paid,BRI,22999000.0
PAY-01070,Bank Transfer,Paid,Mastercard,23498000.0
PAY-01071,Credit Card,Pending,BNI,24937190.0
PAY-01072,Bank Transfer,Paid,BCA,19497000.0
PAY-01073,Credit Card,Paid,OVO,42196100.0
PAY-01074,QRIS,Paid,ShopeePay,39696000.0
PAY-01075,E-Wallet,Paid,Visa,18160060.0
PAY-01076,Credit Card,Paid,Mandiri,55995000.0
PAY-01077,Debit Card,Paid,Mandiri,56495000.0
PAY-01078,Credit Card,Paid,Mastercard,15519030.0
PAY-01079,Bank Transfer,Refunded,ShopeePay,14789080.0
PAY-01080,Cash,Paid,Mandiri,2909030.0
PAY-01081,Bank Transfer,Failed,Erajaya POS,22999000.0
PAY-01082,QRIS,Paid,Mastercard,25097000.0
PAY-01083,E-Wallet,Paid,ShopeePay,10669030.0
PAY-01084,Debit Card,Paid,ShopeePay,7999000.0
PAY-01085,Debit Card,Paid,Mandiri,5498000.0
PAY-01086,Bank Transfer,Paid,OVO,13362100.0
PAY-01087,Credit Card,Paid,BRI,1964000.0
PAY-01088,E-Wallet,Paid,Mandiri,31996000.0
PAY-01089,Credit Card,Paid,BCA,14249050.0
PAY-01090,Cash,Paid,ShopeePay,9998000.0
PAY-01091,QRIS,Paid,BNI,45025250.0
PAY-01092,Credit Card,Paid,Mandiri,17891060.0
PAY-01093,Credit Card,Paid,BRI,11937160.0
PAY-01094,QRIS,Refunded,Mastercard,14719080.0
PAY-01095,QRIS,Paid,BCA,17096000.0
PAY-01096,Credit Card,Paid,Visa,4499000.0
PAY-01097,Cash,Paid,BCA,7499000.0
PAY-01098,Credit Card,Refunded,BRI,26608110.0
PAY-01099,Bank Transfer,Paid,ShopeePay,38996000.0
PAY-01100,Bank Transfer,Paid,BNI,37495000.0
PAY-01101,Credit Card,Paid,OVO,32998000.0
PAY-01102,QRIS,Paid,GoPay,4999000.0
PAY-01103,Bank Transfer,Paid,BRI,32277080.0
PAY-01104,E-Wallet,Paid,BNI,19237030.0
PAY-01105,Credit Card,Paid,Visa,7197000.0
PAY-01106,Debit Card,Refunded,BNI,14275240.0
PAY-01107,Bank Transfer,Refunded,Mastercard,18969090.0
PAY-01108,QRIS,Pending,BCA,31395000.0
PAY-01109,QRIS,Paid,BCA,4999000.0
PAY-01110,QRIS,Paid,BCA,499000.0
PAY-01111,Credit Card,Paid,OVO,38995000.0
PAY-01112,E-Wallet,Paid,Erajaya POS,6547000.0
PAY-01113,QRIS,Paid,GoPay,11697000.0
PAY-01114,E-Wallet,Paid,BNI,64195200.0
PAY-01115,E-Wallet,Paid,Erajaya POS,33997000.0
PAY-01116,Credit Card,Paid,Mastercard,12198000.0
PAY-01117,Credit Card,Paid,BNI,31518030.0
PAY-01118,Credit Card,Paid,OVO,2215080.0
PAY-01119,Credit Card,Paid,Visa,33998000.0
PAY-01120,Cash,Paid,Erajaya POS,13898000.0
PAY-01121,Credit Card,Pending,OVO,48146060.0
PAY-01122,Bank Transfer,Paid,ShopeePay,18648050.0
PAY-01123,E-Wallet,Paid,OVO,23896000.0
PAY-01124,Bank Transfer,Paid,BNI,7398000.0
PAY-01125,Debit Card,Paid,BNI,10638100.0
PAY-01126,QRIS,Paid,Visa,29422030.0
PAY-01127,E-Wallet,Pending,ShopeePay,12798000.0
PAY-01128,Bank Transfer,Paid,Mandiri,30497100.0
PAY-01129,QRIS,Paid,Visa,11438240.0
PAY-01130,Cash,Paid,BRI,16995000.0
PAY-01131,Credit Card,Paid,BRI,2099000.0
PAY-01132,Credit Card,Paid,GoPay,11196000.0
PAY-01133,Bank Transfer,Paid,GoPay,4398000.0
PAY-01134,E-Wallet,Paid,GoPay,13499000.0
PAY-01135,Cash,Paid,ShopeePay,15697080.0
PAY-01136,Credit Card,Paid,Erajaya POS,5085000.0
PAY-01137,Cash,Paid,GoPay,39083400.0
PAY-01138,QRIS,Paid,GoPay,27649110.0
PAY-01139,Cash,Pending,Erajaya POS,7496160.0
PAY-01140,QRIS,Paid,BRI,28038080.0
PAY-01141,QRIS,Paid,Erajaya POS,1599000.0
PAY-01142,Bank Transfer,Paid,GoPay,36194000.0
PAY-01143,Debit Card,Paid,Erajaya POS,1292080.0
PAY-01144,E-Wallet,Paid,BCA,3858000.0
PAY-01145,QRIS,Paid,GoPay,12798000.0
PAY-01146,QRIS,Paid,ShopeePay,15498000.0
PAY-01147,Cash,Paid,OVO,7999000.0
PAY-01148,QRIS,Paid,Visa,59575460.0
PAY-01149,Credit Card,Paid,Visa,584100.0
PAY-01150,Debit Card,Paid,GoPay,24096050.0
PAY-01151,E-Wallet,Paid,Mastercard,15999000.0
PAY-01152,Bank Transfer,Paid,BRI,15999000.0
PAY-01153,Credit Card,Paid,GoPay,13497000.0
PAY-01154,Credit Card,Refunded,Erajaya POS,23096000.0
PAY-01155,E-Wallet,Paid,OVO,17622050.0
PAY-01156,Credit Card,Pending,BNI,15947120.0
PAY-01157,Credit Card,Paid,ShopeePay,12221030.0
PAY-01158,Bank Transfer,Paid,ShopeePay,15998000.0
PAY-01159,E-Wallet,Paid,Mastercard,26023050.0
PAY-01160,Bank Transfer,Paid,GoPay,48496000.0
PAY-01161,QRIS,Paid,Visa,44797100.0
PAY-01162,Debit Card,Paid,Visa,68746150.0
PAY-01163,Credit Card,Paid,BNI,29497000.0
PAY-01164,E-Wallet,Paid,Visa,21997000.0
PAY-01165,Credit Card,Pending,Visa,37127170.0
PAY-01166,Bank Transfer,Paid,Visa,37257250.0
PAY-01167,Credit Card,Paid,BNI,19194000.0
PAY-01168,Cash,Paid,GoPay,25697080.0
PAY-01169,Credit Card,Paid,Erajaya POS,12824050.0
PAY-01170,Debit Card,Paid,BNI,5979080.0
PAY-01171,Credit Card,Paid,OVO,19388180.0
PAY-01172,Debit Card,Paid,Visa,5678030.0
PAY-01173,QRIS,Failed,BCA,25337080.0
PAY-01174,E-Wallet,Paid,Mastercard,12818050.0
PAY-01175,QRIS,Paid,Mastercard,4499000.0
PAY-01176,Cash,Paid,BRI,14055060.0
PAY-01177,Bank Transfer,Paid,Mandiri,10273030.0
PAY-01178,E-Wallet,Paid,OVO,24498080.0
PAY-01179,QRIS,Paid,BRI,1599000.0
PAY-01180,Bank Transfer,Paid,BNI,26998000.0
PAY-01181,Debit Card,Paid,BCA,19027650.0
PAY-01182,Debit Card,Paid,Erajaya POS,7274030.0
PAY-01183,E-Wallet,Paid,BRI,13999000.0
PAY-01184,E-Wallet,Paid,BCA,699000.0
PAY-01185,QRIS,Paid,BCA,5948160.0
PAY-01186,Credit Card,Paid,BRI,55444150.0
PAY-01187,E-Wallet,Paid,Mandiri,15998000.0
PAY-01188,Credit Card,Pending,ShopeePay,48194200.0
PAY-01189,QRIS,Paid,BCA,15999000.0
PAY-01190,E-Wallet,Paid,GoPay,15397000.0
PAY-01191,Credit Card,Paid,BRI,19157000.0
PAY-01192,E-Wallet,Paid,BRI,22273030.0
PAY-01193,QRIS,Paid,BNI,1757200.0
PAY-01194,Debit Card,Paid,Mandiri,7701200.0
PAY-01195,Credit Card,Paid,Visa,15998000.0
PAY-01196,E-Wallet,Paid,ShopeePay,7199100.0
PAY-01197,QRIS,Paid,Mastercard,12577200.0
PAY-01198,Credit Card,Paid,Erajaya POS,25838100.0
PAY-01199,E-Wallet,Paid,Mandiri,42312360.0
PAY-01200,Credit Card,Failed,Erajaya POS,7847100.0
PAY-01201,Bank Transfer,Paid,BCA,10999000.0
PAY-01202,E-Wallet,Paid,Erajaya POS,5999000.0
PAY-01203,E-Wallet,Paid,Visa,6698000.0
PAY-01204,Bank Transfer,Refunded,Mandiri,6999000.0
PAY-01205,QRIS,Paid,ShopeePay,55296000.0
PAY-01206,Debit Card,Paid,Erajaya POS,4999000.0
PAY-01207,E-Wallet,Paid,GoPay,3598000.0
PAY-01208,Bank Transfer,Paid,OVO,36596000.0
PAY-01209,E-Wallet,Paid,Mandiri,13895000.0
PAY-01210,Debit Card,Paid,ShopeePay,19823150.0
PAY-01211,Credit Card,Pending,BNI,10998000.0
PAY-01212,Cash,Paid,Mandiri,10498000.0
PAY-01213,Cash,Failed,BRI,699000.0
PAY-01214,Debit Card,Refunded,Erajaya POS,15999000.0
PAY-01215,QRIS,Refunded,Visa,33088160.0
PAY-01216,Bank Transfer,Paid,BCA,24456080.0
PAY-01217,Credit Card,Paid,GoPay,12897200.0
PAY-01218,Credit Card,Paid,Visa,9373050.0
PAY-01219,E-Wallet,Paid,BNI,14846100.0
PAY-01220,Bank Transfer,Paid,BCA,6498000.0
PAY-01221,QRIS,Refunded,BCA,27817120.0
PAY-01222,Credit Card,Paid,Mastercard,16497000.0
PAY-01223,Bank Transfer,Paid,BCA,13499100.0
PAY-01224,Debit Card,Paid,ShopeePay,15387030.0
PAY-01225,E-Wallet,Paid,Visa,15589080.0
PAY-01226,Debit Card,Paid,Mastercard,22997000.0
PAY-01227,E-Wallet,Paid,Mastercard,6778000.0
PAY-01228,QRIS,Paid,BNI,26496000.0
PAY-01229,Debit Card,Paid,ShopeePay,28496000.0
PAY-01230,QRIS,Paid,BNI,10997000.0
PAY-01231,Credit Card,Paid,BNI,24468050.0
PAY-01232,Credit Card,Paid,GoPay,3838150.0
PAY-01233,Cash,Paid,Visa,2832680.0
PAY-01234,Debit Card,Paid,GoPay,26498000.0
PAY-01235,E-Wallet,Paid,Visa,24416120.0
PAY-01236,Bank Transfer,Paid,BCA,62714080.0
PAY-01237,E-Wallet,Paid,Visa,49116080.0
PAY-01238,Credit Card,Refunded,Mastercard,47646100.0
PAY-01239,Credit Card,Paid,BNI,11498000.0
PAY-01240,QRIS,Paid,GoPay,23698000.0
PAY-01241,E-Wallet,Paid,Mandiri,6994080.0
PAY-01242,Credit Card,Paid,ShopeePay,31693000.0
PAY-01243,Bank Transfer,Paid,ShopeePay,35098200.0
PAY-01244,E-Wallet,Paid,ShopeePay,28866170.0
PAY-01245,Bank Transfer,Paid,BCA,12998000.0
PAY-01246,QRIS,Paid,BCA,24486030.0
PAY-01247,QRIS,Paid,GoPay,15435100.0
PAY-01248,Debit Card,Paid,Mandiri,38795000.0
PAY-01249,QRIS,Paid,Visa,42242030.0
PAY-01250,Bank Transfer,Paid,BCA,24297200.0
PAY-01251,Cash,Paid,Mandiri,12213130.0
PAY-01252,QRIS,Pending,BCA,43276160.0
PAY-01253,Bank Transfer,Paid,Erajaya POS,18597150.0
PAY-01254,Bank Transfer,Paid,Mandiri,6299000.0
PAY-01255,Cash,Paid,Mandiri,8697000.0
PAY-01256,Credit Card,Paid,Mastercard,44664100.0
PAY-01257,QRIS,Paid,BRI,16787130.0
PAY-01258,QRIS,Paid,ShopeePay,41196100.0
PAY-01259,Debit Card,Paid,ShopeePay,38194000.0
PAY-01260,Credit Card,Paid,Visa,74696100.0
PAY-01261,Bank Transfer,Paid,BCA,32245390.0
PAY-01262,Bank Transfer,Paid,BNI,13378000.0
PAY-01263,Credit Card,Paid,BRI,40797000.0
PAY-01264,Bank Transfer,Paid,GoPay,114893100.0
PAY-01265,Credit Card,Paid,BNI,30958080.0
PAY-01266,Bank Transfer,Paid,BRI,12599000.0
PAY-01267,E-Wallet,Paid,ShopeePay,20795050.0
PAY-01268,E-Wallet,Paid,BRI,23357130.0
PAY-01269,Credit Card,Paid,BRI,8323500.0
PAY-01270,Credit Card,Paid,BNI,4999000.0
PAY-01271,Credit Card,Failed,BNI,11362050.0
PAY-01272,Credit Card,Paid,GoPay,14998000.0
PAY-01273,E-Wallet,Paid,Mandiri,18914400.0
PAY-01274,QRIS,Paid,Mandiri,7898000.0
PAY-01275,QRIS,Paid,BCA,70113660.0
PAY-01276,E-Wallet,Paid,ShopeePay,16667030.0
PAY-01277,Credit Card,Paid,Visa,57996000.0
PAY-01278,QRIS,Paid,GoPay,49494000.0
PAY-01279,Credit Card,Paid,BCA,11398080.0
PAY-01280,QRIS,Paid,Erajaya POS,29447150.0
PAY-01281,Credit Card,Paid,Visa,21195000.0
PAY-01282,Credit Card,Refunded,Mastercard,31497000.0
PAY-01283,Debit Card,Paid,OVO,2378000.0
PAY-01284,Cash,Paid,Erajaya POS,8744030.0
PAY-01285,E-Wallet,Paid,BCA,16347110.0
PAY-01286,E-Wallet,Paid,ShopeePay,26836250.0
PAY-01287,E-Wallet,Paid,BNI,68696000.0
PAY-01288,E-Wallet,Paid,OVO,23827080.0
PAY-01289,Credit Card,Paid,Visa,8428130.0
PAY-01290,QRIS,Paid,Mastercard,3299000.0
PAY-01291,Bank Transfer,Paid,GoPay,24076000.0
PAY-01292,QRIS,Paid,OVO,7499000.0
PAY-01293,Credit Card,Paid,BNI,51995000.0
PAY-01294,QRIS,Paid,Mastercard,7278000.0
PAY-01295,QRIS,Paid,BNI,9097000.0
PAY-01296,Credit Card,Failed,Mastercard,3499000.0
PAY-01297,Debit Card,Refunded,GoPay,51797000.0
PAY-01298,Debit Card,Paid,ShopeePay,14698000.0
PAY-01299,QRIS,Paid,Erajaya POS,23696000.0
PAY-01300,E-Wallet,Paid,Visa,26596000.0
PAY-01301,Credit Card,Paid,Visa,14249050.0
PAY-01302,Credit Card,Paid,Visa,32047100.0
PAY-01303,Bank Transfer,Failed,BNI,34721080.0
PAY-01304,Credit Card,Paid,ShopeePay,28498000.0
PAY-01305,E-Wallet,Paid,BNI,20797100.0
PAY-01306,Debit Card,Paid,ShopeePay,33097000.0
PAY-01307,QRIS,Paid,Erajaya POS,37081050.0
PAY-01308,Cash,Paid,BRI,36498000.0
PAY-01309,Credit Card,Failed,OVO,48997000.0
PAY-01310,Debit Card,Failed,Erajaya POS,16195080.0
PAY-01311,Credit Card,Paid,BCA,53357060.0
PAY-01312,QRIS,Paid,BRI,33596030.0
PAY-01313,Cash,Paid,OVO,32034150.0
PAY-01314,Bank Transfer,Paid,OVO,13648050.0
PAY-01315,Bank Transfer,Paid,BRI,20391080.0
PAY-01316,Credit Card,Paid,Erajaya POS,41998000.0
PAY-01317,QRIS,Paid,BRI,31856120.0
PAY-01318,E-Wallet,Paid,GoPay,24997000.0
PAY-01319,QRIS,Paid,OVO,26997000.0
PAY-01320,QRIS,Paid,ShopeePay,5661120.0
PAY-01321,Credit Card,Paid,GoPay,57637080.0
PAY-01322,QRIS,Paid,OVO,42994000.0
PAY-01323,Bank Transfer,Paid,BRI,10138080.0
PAY-01324,E-Wallet,Refunded,Mastercard,28377080.0
PAY-01325,Debit Card,Paid,ShopeePay,16999000.0
PAY-01326,QRIS,Paid,Mastercard,15322150.0
PAY-01327,Debit Card,Paid,BNI,43892000.0
PAY-01328,Credit Card,Paid,BNI,7298000.0
PAY-01329,Credit Card,Paid,GoPay,15917160.0
PAY-01330,Credit Card,Paid,Erajaya POS,44219050.0
PAY-01331,Bank Transfer,Paid,Mandiri,13497000.0
PAY-01332,Debit Card,Paid,Visa,27272030.0
PAY-01333,QRIS,Paid,GoPay,16195000.0
PAY-01334,QRIS,Paid,BCA,31297000.0
PAY-01335,Credit Card,Paid,ShopeePay,39116060.0
PAY-01336,Credit Card,Paid,OVO,3499000.0
PAY-01337,Debit Card,Paid,Mastercard,44998000.0
PAY-01338,Bank Transfer,Paid,BCA,16796000.0
PAY-01339,Cash,Paid,BCA,27998000.0
PAY-01340,Bank Transfer,Paid,Erajaya POS,17296000.0
PAY-01341,QRIS,Paid,OVO,9998000.0
PAY-01342,Cash,Paid,Erajaya POS,17302690.0
PAY-01343,Credit Card,Paid,ShopeePay,23898100.0
PAY-01344,Bank Transfer,Paid,OVO,23797000.0
PAY-01345,E-Wallet,Paid,Mastercard,55891030.0
PAY-01346,Cash,Paid,GoPay,6078000.0
PAY-01347,Bank Transfer,Paid,OVO,22696200.0
PAY-01348,Credit Card,Paid,ShopeePay,35910110.0
PAY-01349,E-Wallet,Paid,GoPay,24638240.0
PAY-01350,Bank Transfer,Paid,BNI,15013080.0
PAY-01351,Cash,Failed,BNI,7623050.0
PAY-01352,QRIS,Paid,Mandiri,10597000.0
PAY-01353,Credit Card,Paid,OVO,15073080.0
PAY-01354,Credit Card,Paid,OVO,15999000.0
PAY-01355,QRIS,Paid,Mandiri,11997000.0
PAY-01356,Cash,Paid,BRI,11839290.0
PAY-01357,Credit Card,Paid,Mastercard,7623150.0
PAY-01358,Debit Card,Paid,BRI,38192000.0
PAY-01359,Credit Card,Paid,Mastercard,30090130.0
PAY-01360,QRIS,Paid,Erajaya POS,11996000.0
PAY-01361,Bank Transfer,Paid,Erajaya POS,31498000.0
PAY-01362,Debit Card,Paid,Mastercard,62365030.0
PAY-01363,Cash,Paid,GoPay,18996000.0
PAY-01364,Debit Card,Paid,BRI,19098000.0
PAY-01365,Credit Card,Paid,BCA,2657230.0
PAY-01366,QRIS,Paid,OVO,6499000.0
PAY-01367,QRIS,Paid,BNI,1173060.0
PAY-01368,Credit Card,Paid,Mastercard,10698000.0
PAY-01369,Credit Card,Paid,GoPay,23397160.0
PAY-01370,Bank Transfer,Paid,Erajaya POS,30905120.0
PAY-01371,Credit Card,Paid,BCA,2986630.0
PAY-01372,Cash,Paid,Mandiri,21197100.0
PAY-01373,QRIS,Paid,ShopeePay,33997000.0
PAY-01374,Cash,Paid,OVO,12856300.0
PAY-01375,Credit Card,Paid,Mandiri,13336550.0
PAY-01376,E-Wallet,Paid,ShopeePay,7743100.0
PAY-01377,E-Wallet,Paid,Mandiri,24986230.0
PAY-01378,Debit Card,Paid,OVO,4699000.0
PAY-01379,E-Wallet,Paid,GoPay,21258180.0
PAY-01380,Debit Card,Paid,OVO,17697000.0
PAY-01381,Cash,Paid,BNI,23176360.0
PAY-01382,QRIS,Paid,BNI,28345050.0
PAY-01383,QRIS,Paid,Erajaya POS,31575120.0
PAY-01384,QRIS,Paid,Mandiri,3398000.0
PAY-01385,Bank Transfer,Paid,BRI,14898050.0
PAY-01386,Debit Card,Paid,ShopeePay,22596000.0
PAY-01387,QRIS,Failed,BRI,30747100.0
PAY-01388,QRIS,Paid,Mandiri,58493100.0
PAY-01389,E-Wallet,Paid,Visa,37276000.0
PAY-01390,Bank Transfer,Paid,Mandiri,12999000.0
PAY-01391,Bank Transfer,Paid,BCA,15222110.0
PAY-01392,Bank Transfer,Failed,ShopeePay,29796180.0
PAY-01393,Debit Card,Paid,Visa,17497100.0
PAY-01394,Cash,Paid,Mastercard,7598100.0
PAY-01395,Bank Transfer,Paid,BNI,33227130.0
PAY-01396,Cash,Paid,Mastercard,47496000.0
PAY-01397,Debit Card,Paid,ShopeePay,12623150.0
PAY-01398,Credit Card,Paid,Visa,28196000.0
PAY-01399,Cash,Paid,GoPay,19798200.0
PAY-01400,Bank Transfer,Paid,OVO,23836360.0
PAY-01401,E-Wallet,Paid,ShopeePay,15047000.0
PAY-01402,Debit Card,Paid,BRI,9102120.0
PAY-01403,E-Wallet,Paid,Mandiri,26437060.0
PAY-01404,QRIS,Paid,Mandiri,7447050.0
PAY-01405,Credit Card,Paid,OVO,46997000.0
PAY-01406,Cash,Paid,Visa,23499000.0
PAY-01407,QRIS,Paid,ShopeePay,18106030.0
PAY-01408,Credit Card,Paid,Mandiri,26361100.0
PAY-01409,Credit Card,Paid,Visa,39497000.0
PAY-01410,Cash,Paid,Mandiri,44846150.0
PAY-01411,QRIS,Paid,Visa,8967100.0
PAY-01412,Bank Transfer,Paid,Erajaya POS,7694000.0
PAY-01413,Debit Card,Pending,BNI,11499000.0
PAY-01414,E-Wallet,Paid,BNI,35464210.0
PAY-01415,Credit Card,Paid,BRI,7897000.0
PAY-01416,Credit Card,Paid,Mandiri,36417230.0
PAY-01417,Debit Card,Paid,Mandiri,42226100.0
PAY-01418,Credit Card,Paid,OVO,12008050.0
PAY-01419,Bank Transfer,Paid,BCA,5599000.0
PAY-01420,E-Wallet,Paid,BCA,29043050.0
PAY-01421,QRIS,Paid,GoPay,14597080.0
PAY-01422,Cash,Paid,Mastercard,5399100.0
PAY-01423,QRIS,Paid,GoPay,37775000.0
PAY-01424,Cash,Paid,Erajaya POS,16428080.0
PAY-01425,Credit Card,Pending,Mandiri,5799000.0
PAY-01426,Bank Transfer,Paid,Erajaya POS,5498000.0
PAY-01427,Credit Card,Paid,Erajaya POS,38797000.0
PAY-01428,E-Wallet,Paid,BRI,23798000.0
PAY-01429,Credit Card,Paid,GoPay,47196000.0
PAY-01430,E-Wallet,Failed,OVO,3219080.0
PAY-01431,Credit Card,Paid,Mastercard,6174050.0
PAY-01432,Bank Transfer,Refunded,Visa,17898100.0
PAY-01433,Bank Transfer,Paid,BNI,47657120.0
PAY-01434,QRIS,Paid,BCA,42795000.0
PAY-01435,E-Wallet,Paid,BNI,5397000.0
PAY-01436,Credit Card,Paid,BCA,15897000.0
PAY-01437,E-Wallet,Paid,Erajaya POS,24998000.0
PAY-01438,E-Wallet,Paid,Mastercard,8200080.0
PAY-01439,QRIS,Paid,ShopeePay,1599000.0
PAY-01440,QRIS,Paid,Visa,2956030.0
PAY-01441,QRIS,Paid,BRI,15007500.0
PAY-01442,E-Wallet,Paid,GoPay,14676000.0
PAY-01443,E-Wallet,Paid,ShopeePay,11049150.0
PAY-01444,QRIS,Paid,Erajaya POS,24996000.0
PAY-01445,Credit Card,Paid,BCA,37927030.0
PAY-01446,QRIS,Paid,BCA,31105030.0
PAY-01447,E-Wallet,Paid,BNI,76094060.0
PAY-01448,Debit Card,Paid,BNI,28499000.0
PAY-01449,Bank Transfer,Paid,BCA,3799050.0
PAY-01450,QRIS,Paid,Mastercard,19662230.0
PAY-01451,Bank Transfer,Paid,Visa,24737150.0
PAY-01452,Bank Transfer,Paid,Mandiri,43794360.0
PAY-01453,QRIS,Paid,BRI,43275120.0
PAY-01454,Debit Card,Paid,BNI,10923100.0
PAY-01455,Credit Card,Pending,Visa,35636210.0
PAY-01456,E-Wallet,Paid,GoPay,53497000.0
PAY-01457,E-Wallet,Paid,BRI,66596100.0
PAY-01458,QRIS,Refunded,Visa,11814120.0
PAY-01459,Bank Transfer,Paid,Mastercard,22998000.0
PAY-01460,Cash,Paid,BNI,11001280.0
PAY-01461,QRIS,Paid,GoPay,11998000.0
PAY-01462,Credit Card,Paid,Visa,4398000.0
PAY-01463,Credit Card,Paid,BNI,100493000.0
PAY-01464,E-Wallet,Paid,Erajaya POS,5878000.0
PAY-01465,Credit Card,Paid,OVO,96495000.0
PAY-01466,Cash,Paid,Erajaya POS,49495000.0
PAY-01467,Credit Card,Paid,BCA,2999000.0
PAY-01468,QRIS,Refunded,OVO,15852150.0
PAY-01469,Credit Card,Paid,Mastercard,5628100.0
PAY-01470,E-Wallet,Paid,Erajaya POS,27446100.0
PAY-01471,Bank Transfer,Paid,BNI,46018170.0
PAY-01472,E-Wallet,Paid,ShopeePay,34141090.0
PAY-01473,Cash,Paid,BNI,28731030.0
PAY-01474,QRIS,Paid,Erajaya POS,16113080.0
PAY-01475,Cash,Paid,ShopeePay,39938190.0
PAY-01476,Credit Card,Paid,BRI,56894100.0
PAY-01477,Credit Card,Paid,BCA,24757030.0
PAY-01478,Debit Card,Failed,OVO,42897250.0
PAY-01479,QRIS,Paid,GoPay,14848030.0
PAY-01480,E-Wallet,Paid,OVO,22995000.0
PAY-01481,E-Wallet,Paid,Erajaya POS,7278000.0
PAY-01482,Debit Card,Paid,OVO,11797050.0
PAY-01483,Credit Card,Paid,OVO,2999000.0
PAY-01484,E-Wallet,Paid,Mandiri,5548150.0
PAY-01485,QRIS,Paid,GoPay,8777050.0
PAY-01486,Bank Transfer,Paid,Erajaya POS,33897000.0
PAY-01487,Credit Card,Paid,Mastercard,16798000.0
PAY-01488,QRIS,Paid,BNI,32197000.0
PAY-01489,Bank Transfer,Paid,Visa,9498000.0
PAY-01490,Cash,Paid,GoPay,18498000.0
PAY-01491,QRIS,Paid,Erajaya POS,2897000.0
PAY-01492,QRIS,Paid,Mandiri,32796000.0
PAY-01493,QRIS,Paid,BNI,62771250.0
PAY-01494,Bank Transfer,Paid,BCA,16697050.0
PAY-01495,Debit Card,Paid,Erajaya POS,46065230.0
PAY-01496,QRIS,Paid,Erajaya POS,46497000.0
PAY-01497,Debit Card,Paid,GoPay,26293000.0
PAY-01498,Debit Card,Failed,BCA,16089160.0
PAY-01499,Credit Card,Paid,Mandiri,47826100.0
PAY-01500,Debit Card,Paid,OVO,37397100.0
PAY-01501,Credit Card,Paid,Mastercard,1599000.0
PAY-01502,Debit Card,Paid,Visa,13599000.0
PAY-01503,Debit Card,Paid,BRI,8484030.0
PAY-01504,Cash,Paid,Visa,14997050.0
PAY-01505,QRIS,Paid,BCA,26954080.0
PAY-01506,Credit Card,Paid,Visa,75165180.0
PAY-01507,QRIS,Paid,BRI,30350230.0
PAY-01508,Credit Card,Paid,ShopeePay,28074000.0
PAY-01509,QRIS,Paid,BCA,89316080.0
PAY-01510,QRIS,Paid,Mandiri,31641050.0
PAY-01511,E-Wallet,Paid,Mastercard,35454240.0
PAY-01512,QRIS,Paid,OVO,45997000.0
PAY-01513,Debit Card,Paid,ShopeePay,22866050.0
PAY-01514,QRIS,Paid,Visa,2846100.0
PAY-01515,Cash,Paid,BNI,11136170.0
PAY-01516,Credit Card,Paid,GoPay,19247140.0
PAY-01517,Debit Card,Paid,Mastercard,22598000.0
PAY-01518,Credit Card,Paid,Erajaya POS,12478080.0
PAY-01519,QRIS,Paid,BNI,43496000.0
PAY-01520,Bank Transfer,Paid,GoPay,77134060.0
PAY-01521,E-Wallet,Pending,GoPay,57477160.0
PAY-01522,E-Wallet,Paid,BNI,18298000.0
PAY-01523,Cash,Paid,Visa,9198100.0
PAY-01524,QRIS,Paid,Mastercard,20426130.0
PAY-01525,Bank Transfer,Paid,Visa,38895000.0
PAY-01526,QRIS,Paid,Visa,20499000.0
PAY-01527,Credit Card,Paid,Visa,38997000.0
PAY-01528,QRIS,Paid,Mastercard,21498000.0
PAY-01529,Bank Transfer,Paid,BCA,17117050.0
PAY-01530,Bank Transfer,Paid,ShopeePay,11498000.0
PAY-01531,QRIS,Paid,GoPay,27229240.0
PAY-01532,Debit Card,Paid,GoPay,12458080.0
PAY-01533,Bank Transfer,Paid,BNI,9557000.0
PAY-01534,Bank Transfer,Paid,BCA,18197120.0
PAY-01535,E-Wallet,Paid,BRI,19697000.0
PAY-01536,Credit Card,Paid,BCA,24998000.0
PAY-01537,Credit Card,Paid,BNI,30198050.0
PAY-01538,QRIS,Paid,ShopeePay,26518030.0
PAY-01539,E-Wallet,Refunded,BNI,20598000.0
PAY-01540,Cash,Paid,GoPay,21495300.0
PAY-01541,Bank Transfer,Paid,Erajaya POS,28077120.0
PAY-01542,Cash,Paid,Mastercard,34116100.0
PAY-01543,QRIS,Paid,BNI,6499000.0
PAY-01544,Credit Card,Paid,GoPay,18198050.0
PAY-01545,E-Wallet,Paid,BNI,19867130.0
PAY-01546,E-Wallet,Paid,BCA,8438100.0
PAY-01547,QRIS,Paid,Erajaya POS,6599120.0
PAY-01548,Credit Card,Paid,BRI,30252130.0
PAY-01549,QRIS,Paid,Visa,33496000.0
PAY-01550,Bank Transfer,Paid,Visa,26497000.0
PAY-01551,E-Wallet,Paid,Visa,17479080.0
PAY-01552,Credit Card,Paid,BRI,18497000.0
PAY-01553,E-Wallet,Paid,Mastercard,11027000.0
PAY-01554,Credit Card,Paid,ShopeePay,51592000.0
PAY-01555,Credit Card,Paid,BRI,10449050.0
PAY-01556,E-Wallet,Paid,GoPay,4049100.0
PAY-01557,QRIS,Paid,BNI,18722660.0
PAY-01558,E-Wallet,Paid,Mandiri,7518150.0
PAY-01559,Bank Transfer,Paid,BRI,25498000.0
PAY-01560,Credit Card,Paid,GoPay,26498000.0
PAY-01561,Debit Card,Paid,ShopeePay,499000.0
PAY-01562,Cash,Paid,Mastercard,4699000.0
PAY-01563,Bank Transfer,Paid,BNI,45095210.0
PAY-01564,QRIS,Paid,BRI,26606050.0
PAY-01565,Bank Transfer,Paid,Visa,27473050.0
PAY-01566,QRIS,Paid,Visa,16197000.0
PAY-01567,Debit Card,Paid,Mastercard,14278000.0
PAY-01568,Debit Card,Paid,ShopeePay,6798000.0
PAY-01569,QRIS,Paid,GoPay,32365270.0
PAY-01570,Debit Card,Paid,ShopeePay,32197000.0
PAY-01571,Bank Transfer,Paid,Erajaya POS,32596000.0
PAY-01572,Bank Transfer,Paid,Mastercard,36698100.0
PAY-01573,Credit Card,Paid,ShopeePay,20196000.0
PAY-01574,Cash,Paid,Erajaya POS,15598000.0
PAY-01575,QRIS,Paid,GoPay,38446250.0
PAY-01576,Cash,Paid,BNI,23896000.0
PAY-01577,E-Wallet,Paid,Erajaya POS,23997000.0
PAY-01578,Bank Transfer,Paid,Mandiri,5499000.0
PAY-01579,Credit Card,Paid,Erajaya POS,40997000.0
PAY-01580,E-Wallet,Paid,BRI,8662030.0
PAY-01581,Cash,Paid,Erajaya POS,15297000.0
PAY-01582,Debit Card,Paid,Visa,9889600.0
PAY-01583,Cash,Paid,Erajaya POS,11892030.0
PAY-01584,QRIS,Paid,Visa,35997000.0
PAY-01585,Credit Card,Paid,Visa,47068080.0
PAY-01586,Credit Card,Paid,BCA,9573030.0
PAY-01587,QRIS,Pending,ShopeePay,11023050.0
PAY-01588,Bank Transfer,Paid,GoPay,10714030.0
PAY-01589,QRIS,Pending,Erajaya POS,9999000.0
PAY-01590,Credit Card,Paid,BCA,25813080.0
PAY-01591,Debit Card,Paid,Erajaya POS,4999000.0
PAY-01592,Credit Card,Paid,BNI,16378050.0
PAY-01593,Credit Card,Paid,OVO,1103080.0
PAY-01594,Credit Card,Paid,Mastercard,20996000.0
PAY-01595,Credit Card,Refunded,Visa,37631150.0
PAY-01596,E-Wallet,Paid,BRI,30008050.0
PAY-01597,QRIS,Paid,Mastercard,21955270.0
PAY-01598,Debit Card,Paid,Erajaya POS,42318080.0
PAY-01599,Cash,Paid,OVO,18997000.0
PAY-01600,E-Wallet,Pending,BRI,10498000.0
PAY-01601,E-Wallet,Paid,BCA,6517060.0
PAY-01602,Bank Transfer,Paid,Visa,24998000.0
PAY-01603,E-Wallet,Failed,Mastercard,23496000.0
PAY-01604,Credit Card,Paid,Mandiri,51797000.0
PAY-01605,Cash,Paid,GoPay,26123030.0
PAY-01606,E-Wallet,Paid,BCA,94590320.0
PAY-01607,Cash,Paid,Mandiri,17499000.0
PAY-01608,Bank Transfer,Paid,ShopeePay,6196000.0
PAY-01609,E-Wallet,Paid,BRI,25497300.0
PAY-01610,E-Wallet,Paid,BRI,594150.0
PAY-01611,Credit Card,Pending,Mandiri,23162050.0
PAY-01612,Bank Transfer,Paid,BNI,16698000.0
PAY-01613,Bank Transfer,Paid,BCA,16473270.0
PAY-01614,Credit Card,Paid,GoPay,23673050.0
PAY-01615,Debit Card,Paid,BCA,1398000.0
PAY-01616,QRIS,Paid,GoPay,37496060.0
PAY-01617,Debit Card,Paid,BCA,11958120.0
PAY-01618,Bank Transfer,Paid,Erajaya POS,6878120.0
PAY-01619,Bank Transfer,Paid,Visa,16999000.0
PAY-01620,QRIS,Paid,BNI,11797000.0
PAY-01621,Cash,Paid,OVO,22727100.0
PAY-01622,Credit Card,Paid,Visa,35998000.0
PAY-01623,E-Wallet,Paid,Visa,27413030.0
PAY-01624,QRIS,Pending,Mastercard,31137080.0
PAY-01625,Credit Card,Paid,Mandiri,54854160.0
PAY-01626,Credit Card,Paid,ShopeePay,7278130.0
PAY-01627,Bank Transfer,Paid,Mastercard,35812310.0
PAY-01628,Debit Card,Paid,BNI,19690130.0
PAY-01629,Cash,Paid,GoPay,38946060.0
PAY-01630,Credit Card,Refunded,Visa,1599000.0
PAY-01631,QRIS,Paid,Erajaya POS,34771030.0
PAY-01632,QRIS,Paid,Mastercard,36596000.0
PAY-01633,Bank Transfer,Paid,Mandiri,21097100.0
PAY-01634,E-Wallet,Paid,GoPay,10026330.0
PAY-01635,E-Wallet,Paid,Erajaya POS,5397000.0
PAY-01636,Debit Card,Paid,BCA,14548060.0
PAY-01637,Debit Card,Paid,BNI,16297000.0
PAY-01638,Credit Card,Paid,Mastercard,21378030.0
PAY-01639,Cash,Paid,Visa,13775130.0
PAY-01640,Debit Card,Paid,Mandiri,1138100.0
PAY-01641,Credit Card,Paid,OVO,23499000.0
PAY-01642,E-Wallet,Paid,ShopeePay,16698000.0
PAY-01643,E-Wallet,Paid,OVO,15298000.0
PAY-01644,QRIS,Paid,Mastercard,13499000.0
PAY-01645,Credit Card,Paid,Erajaya POS,8098000.0
PAY-01646,Debit Card,Paid,GoPay,19298000.0
PAY-01647,Bank Transfer,Paid,BRI,19920100.0
PAY-01648,Bank Transfer,Paid,Mastercard,11998000.0
PAY-01649,Credit Card,Paid,GoPay,7497000.0
PAY-01650,E-Wallet,Paid,Mastercard,29197050.0
PAY-01651,Credit Card,Refunded,BNI,7698000.0
PAY-01652,E-Wallet,Failed,ShopeePay,51079190.0
PAY-01653,QRIS,Paid,Erajaya POS,31517080.0
PAY-01654,Bank Transfer,Paid,Visa,84269050.0
PAY-01655,Credit Card,Paid,GoPay,22998000.0
PAY-01656,Cash,Refunded,GoPay,19799100.0
PAY-01657,Bank Transfer,Pending,OVO,2999000.0
PAY-01658,QRIS,Paid,Erajaya POS,33140030.0
PAY-01659,Debit Card,Paid,BRI,3997000.0
PAY-01660,E-Wallet,Paid,Visa,21173050.0
PAY-01661,Debit Card,Paid,Erajaya POS,20396000.0
PAY-01662,QRIS,Paid,Visa,77272110.0
PAY-01663,Credit Card,Paid,Mastercard,7079060.0
PAY-01664,Debit Card,Paid,Erajaya POS,6386030.0
PAY-01665,Cash,Refunded,Mastercard,20498000.0
PAY-01666,Credit Card,Paid,Visa,18898000.0
PAY-01667,Credit Card,Paid,Erajaya POS,20498000.0
PAY-01668,Bank Transfer,Paid,Visa,12522200.0
PAY-01669,Cash,Paid,Erajaya POS,14597000.0
PAY-01670,Cash,Paid,BNI,21047050.0
PAY-01671,QRIS,Paid,BRI,40895000.0
PAY-01672,Cash,Paid,Mandiri,20499000.0
PAY-01673,Cash,Paid,BCA,64997000.0
PAY-01674,QRIS,Paid,Erajaya POS,20999000.0
PAY-01675,Cash,Paid,GoPay,53921050.0
PAY-01676,Credit Card,Paid,Mandiri,15413120.0
PAY-01677,QRIS,Paid,GoPay,43497000.0
PAY-01678,Bank Transfer,Paid,BNI,5997000.0
PAY-01679,Credit Card,Paid,OVO,25096000.0
PAY-01680,QRIS,Paid,Visa,48875000.0
PAY-01681,QRIS,Paid,ShopeePay,1199000.0
PAY-01682,E-Wallet,Paid,ShopeePay,8163080.0
PAY-01683,Bank Transfer,Paid,BCA,21271050.0
PAY-01684,Debit Card,Paid,BRI,31097000.0
PAY-01685,Bank Transfer,Paid,Mandiri,12438080.0
PAY-01686,QRIS,Paid,Mandiri,13938120.0
PAY-01687,E-Wallet,Paid,OVO,3499000.0
PAY-01688,Credit Card,Paid,Mandiri,339150.0
PAY-01689,E-Wallet,Paid,BRI,9074080.0
PAY-01690,Credit Card,Pending,ShopeePay,31793000.0
PAY-01691,E-Wallet,Paid,Mastercard,12498000.0
PAY-01692,Bank Transfer,Paid,Mandiri,45997000.0
PAY-01693,Credit Card,Paid,Erajaya POS,14497000.0
PAY-01694,Bank Transfer,Paid,BNI,11907030.0
PAY-01695,Cash,Failed,Mandiri,24053130.0
PAY-01696,QRIS,Paid,ShopeePay,31522150.0
PAY-01697,QRIS,Paid,Visa,7298000.0
PAY-01698,Credit Card,Paid,Erajaya POS,6174050.0
PAY-01699,Cash,Paid,GoPay,4198000.0
PAY-01700,Bank Transfer,Paid,BCA,41373240.0
PAY-01701,Credit Card,Paid,Erajaya POS,499000.0
PAY-01702,E-Wallet,Paid,Visa,30214300.0
PAY-01703,QRIS,Paid,BRI,15033080.0
PAY-01704,Bank Transfer,Paid,ShopeePay,4749050.0
PAY-01705,Bank Transfer,Paid,OVO,17996000.0
PAY-01706,Debit Card,Paid,OVO,68874110.0
PAY-01707,Bank Transfer,Paid,Visa,27498000.0
PAY-01708,Credit Card,Paid,OVO,39579110.0
PAY-01709,Credit Card,Paid,BCA,5999000.0
PAY-01710,Bank Transfer,Paid,BRI,4499000.0
PAY-01711,QRIS,Paid,BCA,2249100.0
PAY-01712,E-Wallet,Paid,Mastercard,9798000.0
PAY-01713,Credit Card,Paid,BNI,17198000.0
PAY-01714,Bank Transfer,Paid,Mastercard,9961050.0
PAY-01715,Cash,Paid,Mandiri,7066050.0
PAY-01716,Debit Card,Paid,OVO,22958080.0
PAY-01717,Credit Card,Pending,Mastercard,15622270.0
PAY-01718,E-Wallet,Paid,BCA,38117080.0
PAY-01719,Bank Transfer,Paid,Mastercard,26578080.0
PAY-01720,Cash,Paid,BCA,28794050.0
PAY-01721,E-Wallet,Paid,BCA,26896000.0
PAY-01722,E-Wallet,Paid,ShopeePay,16598000.0
PAY-01723,Debit Card,Paid,GoPay,6998000.0
PAY-01724,QRIS,Pending,Erajaya POS,31465100.0
PAY-01725,Bank Transfer,Paid,ShopeePay,16972050.0
PAY-01726,Credit Card,Paid,OVO,33893180.0
PAY-01727,E-Wallet,Pending,Visa,25497000.0
PAY-01728,Bank Transfer,Paid,BCA,44617180.0
PAY-01729,Debit Card,Paid,OVO,29713240.0
PAY-01730,Credit Card,Paid,OVO,32508080.0
PAY-01731,Credit Card,Paid,BRI,6327050.0
PAY-01732,Debit Card,Paid,BRI,18997000.0
PAY-01733,QRIS,Paid,ShopeePay,9597000.0
PAY-01734,Bank Transfer,Paid,ShopeePay,40775160.0
PAY-01735,QRIS,Paid,OVO,27077160.0
PAY-01736,E-Wallet,Paid,BCA,14998000.0
PAY-01737,Debit Card,Paid,Erajaya POS,1398000.0
PAY-01738,Cash,Paid,ShopeePay,57394000.0
PAY-01739,Credit Card,Failed,Mastercard,3778000.0
PAY-01740,Debit Card,Paid,GoPay,87333600.0
PAY-01741,QRIS,Paid,ShopeePay,22698000.0
PAY-01742,E-Wallet,Paid,BCA,5999000.0
PAY-01743,Debit Card,Paid,BRI,4999000.0
PAY-01744,QRIS,Paid,OVO,86496000.0
PAY-01745,Debit Card,Paid,BRI,27034100.0
PAY-01746,Bank Transfer,Paid,GoPay,37774100.0
PAY-01747,Credit Card,Paid,OVO,73595100.0
PAY-01748,E-Wallet,Paid,BCA,6999000.0
PAY-01749,Credit Card,Paid,ShopeePay,24516050.0
PAY-01750,Credit Card,Paid,BNI,97493000.0
PAY-01751,Cash,Paid,Visa,67836120.0
PAY-01752,Bank Transfer,Paid,Visa,28997000.0
PAY-01753,Debit Card,Pending,BRI,15718080.0
PAY-01754,Credit Card,Paid,Mandiri,24676080.0
PAY-01755,E-Wallet,Paid,Visa,15999000.0
PAY-01756,Bank Transfer,Paid,Mastercard,43997000.0
PAY-01757,Credit Card,Paid,GoPay,5519080.0
PAY-01758,Credit Card,Paid,OVO,39894000.0
PAY-01759,E-Wallet,Paid,Mandiri,6999000.0
PAY-01760,Cash,Paid,OVO,12236240.0
PAY-01761,Bank Transfer,Paid,Visa,5902120.0
PAY-01762,E-Wallet,Paid,Visa,23298000.0
PAY-01763,E-Wallet,Paid,BRI,1887300.0
PAY-01764,Credit Card,Paid,GoPay,23497000.0
PAY-01765,E-Wallet,Paid,OVO,19148100.0
PAY-01766,Bank Transfer,Paid,Mandiri,38097100.0
PAY-01767,Debit Card,Paid,Mandiri,32622050.0
PAY-01768,QRIS,Paid,BNI,22798100.0
PAY-01769,Bank Transfer,Paid,GoPay,5979080.0
PAY-01770,Bank Transfer,Paid,Erajaya POS,43998000.0
PAY-01771,Credit Card,Paid,Erajaya POS,14498000.0
PAY-01772,QRIS,Pending,ShopeePay,29498000.0
PAY-01773,Credit Card,Paid,Mastercard,63565210.0
PAY-01774,E-Wallet,Paid,Mandiri,18470080.0
PAY-01775,QRIS,Paid,GoPay,17328050.0
PAY-01776,QRIS,Paid,Erajaya POS,20378080.0
PAY-01777,Credit Card,Paid,Mastercard,30997000.0
PAY-01778,Bank Transfer,Paid,Erajaya POS,19623050.0
PAY-01779,Bank Transfer,Paid,GoPay,1815550.0
PAY-01780,E-Wallet,Paid,Mastercard,34198200.0
PAY-01781,QRIS,Paid,Mastercard,33494000.0
PAY-01782,QRIS,Paid,BNI,1399000.0
PAY-01783,Debit Card,Paid,Visa,17498000.0
PAY-01784,Credit Card,Paid,Visa,21638080.0
PAY-01785,Debit Card,Paid,Mastercard,38762030.0
PAY-01786,QRIS,Paid,BNI,17647050.0
PAY-01787,Bank Transfer,Paid,BNI,11897000.0
PAY-01788,Credit Card,Paid,Visa,3731030.0
PAY-01789,QRIS,Paid,BRI,24436280.0
PAY-01790,Bank Transfer,Paid,ShopeePay,20178080.0
PAY-01791,Cash,Paid,Mastercard,62493000.0
PAY-01792,Bank Transfer,Failed,ShopeePay,10999000.0
PAY-01793,E-Wallet,Paid,Mandiri,38541030.0
PAY-01794,QRIS,Paid,Erajaya POS,1889100.0
PAY-01795,Bank Transfer,Paid,ShopeePay,21772080.0
PAY-01796,Credit Card,Paid,Mastercard,699000.0
PAY-01797,Credit Card,Paid,Visa,20988030.0
PAY-01798,Bank Transfer,Paid,BRI,23498000.0
PAY-01799,E-Wallet,Paid,GoPay,14194000.0
PAY-01800,Credit Card,Paid,BRI,47305150.0
PAY-01801,Bank Transfer,Paid,GoPay,11498000.0
PAY-01802,Credit Card,Paid,Erajaya POS,42595080.0
PAY-01803,Debit Card,Paid,Mastercard,25174000.0
PAY-01804,E-Wallet,Paid,BCA,19396000.0
PAY-01805,Credit Card,Paid,Visa,12998000.0
PAY-01806,Debit Card,Paid,Erajaya POS,29563000.0
PAY-01807,Bank Transfer,Paid,ShopeePay,15698000.0
PAY-01808,Debit Card,Paid,BCA,28497000.0
PAY-01809,E-Wallet,Paid,GoPay,23197000.0
PAY-01810,Credit Card,Paid,OVO,30057000.0
PAY-01811,QRIS,Paid,Mastercard,24248180.0
PAY-01812,Bank Transfer,Paid,GoPay,2298000.0
PAY-01813,E-Wallet,Paid,Mastercard,28096080.0
PAY-01814,Bank Transfer,Paid,BRI,10298080.0
PAY-01815,Cash,Paid,BNI,18898000.0
PAY-01816,QRIS,Paid,BCA,22316100.0
PAY-01817,Credit Card,Paid,BCA,8999000.0
PAY-01818,E-Wallet,Paid,BCA,18872110.0
PAY-01819,QRIS,Paid,Visa,6400060.0
PAY-01820,Debit Card,Paid,BRI,18897100.0
PAY-01821,Debit Card,Paid,Erajaya POS,3036100.0
PAY-01822,QRIS,Paid,Mastercard,23499000.0
PAY-01823,Bank Transfer,Paid,BRI,31796100.0
PAY-01824,Credit Card,Paid,Mandiri,37998000.0
PAY-01825,Credit Card,Paid,BNI,10318050.0
PAY-01826,QRIS,Paid,Mandiri,40546300.0
PAY-01827,Bank Transfer,Paid,Visa,16978080.0
PAY-01828,QRIS,Paid,Mandiri,22308060.0
PAY-01829,Credit Card,Paid,GoPay,57596000.0
PAY-01830,Credit Card,Paid,BRI,34218290.0
PAY-01831,E-Wallet,Paid,GoPay,13036050.0
PAY-01832,Bank Transfer,Paid,Visa,19677080.0
PAY-01833,Bank Transfer,Paid,OVO,5519080.0
PAY-01834,Bank Transfer,Paid,GoPay,17377110.0
PAY-01835,Debit Card,Paid,ShopeePay,7358160.0
PAY-01836,QRIS,Paid,GoPay,2999000.0
PAY-01837,Credit Card,Paid,BNI,6749100.0
PAY-01838,Cash,Paid,Visa,8103030.0
PAY-01839,Bank Transfer,Paid,Visa,22944000.0
PAY-01840,Credit Card,Paid,OVO,20646190.0
PAY-01841,Bank Transfer,Paid,Visa,23796000.0
PAY-01842,Bank Transfer,Paid,BNI,359100.0
PAY-01843,Debit Card,Paid,OVO,11153060.0
PAY-01844,E-Wallet,Paid,BCA,89495000.0
PAY-01845,Credit Card,Paid,Erajaya POS,35395050.0
PAY-01846,Credit Card,Paid,GoPay,46695080.0
PAY-01847,Bank Transfer,Failed,Visa,29095000.0
PAY-01848,QRIS,Pending,Mastercard,39816060.0
PAY-01849,Credit Card,Paid,BCA,55545090.0
PAY-01850,Debit Card,Paid,ShopeePay,6198000.0
PAY-01851,Credit Card,Paid,BCA,17596000.0
PAY-01852,Debit Card,Paid,Mandiri,26998000.0
PAY-01853,QRIS,Paid,BCA,15999000.0
PAY-01854,Credit Card,Paid,Erajaya POS,12598000.0
PAY-01855,Debit Card,Paid,Mandiri,33642080.0
PAY-01856,Credit Card,Paid,ShopeePay,27453130.0
PAY-01857,Credit Card,Paid,Mandiri,29994000.0
PAY-01858,Debit Card,Paid,Mastercard,15999000.0
PAY-01859,Bank Transfer,Paid,Mastercard,35498000.0
PAY-01860,Credit Card,Paid,BNI,19697050.0
PAY-01861,QRIS,Paid,Visa,18897000.0
PAY-01862,Bank Transfer,Paid,ShopeePay,4999000.0
PAY-01863,Cash,Paid,ShopeePay,54997000.0
PAY-01864,Debit Card,Paid,Mandiri,43896000.0
PAY-01865,QRIS,Pending,OVO,20999000.0
PAY-01866,Debit Card,Paid,OVO,19996000.0
PAY-01867,Bank Transfer,Paid,OVO,22996000.0
PAY-01868,E-Wallet,Paid,OVO,27498000.0
PAY-01869,QRIS,Failed,Mandiri,26298000.0
PAY-01870,Debit Card,Paid,Visa,10997000.0
PAY-01871,Credit Card,Pending,GoPay,24996000.0
PAY-01872,QRIS,Paid,OVO,1199000.0
PAY-01873,Cash,Paid,BRI,9498000.0
PAY-01874,QRIS,Paid,BNI,8097300.0
PAY-01875,Bank Transfer,Paid,ShopeePay,10998000.0
PAY-01876,Cash,Paid,Erajaya POS,16498000.0
PAY-01877,Credit Card,Paid,ShopeePay,16999000.0
PAY-01878,E-Wallet,Paid,GoPay,35196060.0
PAY-01879,E-Wallet,Paid,BRI,44060000.0
PAY-01880,Bank Transfer,Paid,Mandiri,4695000.0
PAY-01881,E-Wallet,Paid,GoPay,64829080.0
PAY-01882,Bank Transfer,Paid,Mandiri,11037240.0
PAY-01883,QRIS,Paid,OVO,26997000.0
PAY-01884,Credit Card,Pending,BNI,27547130.0
PAY-01885,QRIS,Pending,Visa,8374150.0
PAY-01886,Debit Card,Paid,Mandiri,17520050.0
PAY-01887,Credit Card,Paid,Mastercard,6499000.0
PAY-01888,Cash,Pending,BRI,21598000.0
PAY-01889,E-Wallet,Paid,Mandiri,33238080.0
PAY-01890,Debit Card,Paid,GoPay,16797000.0
PAY-01891,Bank Transfer,Paid,GoPay,29947050.0
PAY-01892,E-Wallet,Paid,BCA,42096000.0
PAY-01893,E-Wallet,Paid,BNI,63996000.0
PAY-01894,Debit Card,Paid,Mastercard,53296000.0
PAY-01895,E-Wallet,Paid,Mastercard,66035080.0
PAY-01896,Debit Card,Paid,OVO,1799000.0
PAY-01897,Debit Card,Paid,Visa,22046050.0
PAY-01898,Debit Card,Paid,GoPay,43497000.0
PAY-01899,E-Wallet,Paid,BCA,3499000.0
PAY-01900,Credit Card,Paid,ShopeePay,65353520.0
PAY-01901,QRIS,Paid,BCA,11438030.0
PAY-01902,Credit Card,Paid,Erajaya POS,4298000.0
PAY-01903,E-Wallet,Paid,OVO,15497000.0
PAY-01904,Credit Card,Paid,Mandiri,1199000.0
PAY-01905,Bank Transfer,Paid,BCA,47520050.0
PAY-01906,Credit Card,Paid,ShopeePay,48895000.0
PAY-01907,Bank Transfer,Paid,ShopeePay,47295150.0
PAY-01908,Debit Card,Paid,Visa,26817090.0
PAY-01909,QRIS,Paid,BCA,20998000.0
PAY-01910,QRIS,Paid,Visa,1551030.0
PAY-01911,QRIS,Paid,BRI,16497000.0
PAY-01912,Credit Card,Paid,OVO,17598000.0
PAY-01913,Credit Card,Paid,Erajaya POS,45675000.0
PAY-01914,QRIS,Paid,BCA,19647050.0
PAY-01915,Debit Card,Paid,Erajaya POS,6782050.0
PAY-01916,Credit Card,Paid,BCA,1619100.0
PAY-01917,Bank Transfer,Paid,BRI,30748050.0
PAY-01918,E-Wallet,Paid,ShopeePay,17163050.0
PAY-01919,Credit Card,Failed,ShopeePay,6157030.0
PAY-01920,QRIS,Paid,OVO,2248000.0
PAY-01921,E-Wallet,Paid,OVO,10999000.0
PAY-01922,Debit Card,Paid,Erajaya POS,23216080.0
PAY-01923,Bank Transfer,Paid,Mastercard,16678120.0
PAY-01924,Cash,Paid,OVO,32322050.0
PAY-01925,QRIS,Paid,Visa,50455290.0
PAY-01926,QRIS,Paid,ShopeePay,10343030.0
PAY-01927,Cash,Paid,Mastercard,19848050.0
PAY-01928,E-Wallet,Paid,BCA,32498000.0
PAY-01929,E-Wallet,Paid,ShopeePay,44497110.0
PAY-01930,E-Wallet,Paid,OVO,20756080.0
PAY-01931,Bank Transfer,Paid,BRI,23830160.0
PAY-01932,Credit Card,Paid,Mandiri,33873050.0
PAY-01933,Debit Card,Paid,Mandiri,37354400.0
PAY-01934,Cash,Paid,Erajaya POS,14137220.0
PAY-01935,QRIS,Paid,ShopeePay,17496000.0
PAY-01936,Bank Transfer,Paid,Mastercard,28748050.0
PAY-01937,QRIS,Paid,OVO,14838130.0
PAY-01938,E-Wallet,Paid,BNI,31278160.0
PAY-01939,Credit Card,Paid,GoPay,22333210.0
PAY-01940,Debit Card,Paid,Erajaya POS,6034080.0
PAY-01941,Credit Card,Paid,BRI,27598000.0
PAY-01942,Credit Card,Paid,BRI,3858100.0
PAY-01943,Debit Card,Paid,BNI,10857160.0
PAY-01944,Credit Card,Paid,GoPay,18296000.0
PAY-01945,Credit Card,Paid,BNI,32096000.0
PAY-01946,Credit Card,Paid,GoPay,5599000.0
PAY-01947,E-Wallet,Paid,BRI,26042330.0
PAY-01948,Debit Card,Refunded,OVO,26548200.0
PAY-01949,Credit Card,Paid,Mandiri,39191230.0
PAY-01950,Credit Card,Paid,BRI,31795000.0
PAY-01951,E-Wallet,Paid,BCA,16498000.0
PAY-01952,QRIS,Paid,BCA,629530.0
PAY-01953,QRIS,Paid,Visa,48095000.0
PAY-01954,Bank Transfer,Paid,Visa,55490030.0
PAY-01955,E-Wallet,Refunded,Erajaya POS,11123050.0
PAY-01956,Debit Card,Paid,Mastercard,15822150.0
PAY-01957,Cash,Paid,BRI,16649100.0
PAY-01958,E-Wallet,Paid,GoPay,23695000.0
PAY-01959,QRIS,Paid,Erajaya POS,8499000.0
PAY-01960,Credit Card,Failed,BRI,5999000.0
PAY-01961,QRIS,Pending,BCA,32798000.0
PAY-01962,Cash,Paid,BRI,27796000.0
PAY-01963,Bank Transfer,Paid,Erajaya POS,19598170.0
PAY-01964,E-Wallet,Paid,OVO,5499000.0
PAY-01965,QRIS,Paid,ShopeePay,5968100.0
PAY-01966,Cash,Paid,Visa,36998000.0
PAY-01967,Credit Card,Paid,ShopeePay,57234140.0
PAY-01968,Debit Card,Failed,BNI,14999000.0
PAY-01969,Cash,Paid,BNI,37997000.0
PAY-01970,Bank Transfer,Paid,Erajaya POS,21097000.0
PAY-01971,QRIS,Paid,GoPay,18297000.0
PAY-01972,Credit Card,Paid,BRI,16999000.0
PAY-01973,Credit Card,Pending,BNI,46896000.0
PAY-01974,QRIS,Paid,BNI,22498000.0
PAY-01975,Bank Transfer,Paid,Mandiri,65175000.0
PAY-01976,E-Wallet,Paid,Visa,19393030.0
PAY-01977,Credit Card,Paid,BNI,22158120.0
PAY-01978,Credit Card,Paid,BNI,9998000.0
PAY-01979,QRIS,Paid,Mastercard,39357160.0
PAY-01980,Bank Transfer,Paid,BCA,12419080.0
PAY-01981,QRIS,Paid,BNI,51771130.0
PAY-01982,QRIS,Paid,BNI,68689350.0
PAY-01983,Bank Transfer,Paid,BNI,21997000.0
PAY-01984,E-Wallet,Paid,BCA,7498000.0
PAY-01985,QRIS,Paid,Mandiri,35897000.0
PAY-01986,Bank Transfer,Paid,BNI,5982150.0
PAY-01987,Debit Card,Paid,OVO,11598000.0
PAY-01988,E-Wallet,Paid,ShopeePay,10697000.0
PAY-01989,Credit Card,Paid,OVO,11998000.0
PAY-01990,Debit Card,Paid,BNI,44297000.0
PAY-01991,E-Wallet,Paid,BCA,70970100.0
PAY-01992,Debit Card,Paid,Mandiri,37795160.0
PAY-01993,Credit Card,Paid,ShopeePay,49797200.0
PAY-01994,QRIS,Paid,GoPay,39495000.0
PAY-01995,Credit Card,Paid,BRI,32995100.0
PAY-01996,E-Wallet,Paid,Erajaya POS,5999000.0
PAY-01997,Debit Card,Paid,BRI,16118080.0
PAY-01998,Bank Transfer,Paid,OVO,7897000.0
PAY-01999,Cash,Paid,Erajaya POS,32196100.0
PAY-02000,QRIS,Paid,ShopeePay,34032130.0
